estudo,slide,secao,titulo,imagem,sha1,kb,px,secao_numerica,slide_gabarito
Vocacional_Horizontal(Av. Itaipava)_Elio_Winter_Itajai_SC_estudo exemplo.pptx,1,,Vocacional Horizontal,ppt/media/image37.png,d98f758fc3d6e348,30,1199x328,False,False
Vocacional_Horizontal(Av. Itaipava)_Elio_Winter_Itajai_SC_estudo exemplo.pptx,1,,Vocacional Horizontal,ppt/media/image36.png,1faec6652a5a8ceb,1578,1920x1080,False,False
Vocacional_Horizontal(Av. Itaipava)_Elio_Winter_Itajai_SC_estudo exemplo.pptx,1,,Vocacional Horizontal,ppt/media/image39.png,24208300179d9066,37,1359x280,False,False
Vocacional_Horizontal(Av. Itaipava)_Elio_Winter_Itajai_SC_estudo exemplo.pptx,1,,Vocacional Horizontal,ppt/media/image38.png,0678acec4d3e4cf0,62,1370x366,False,False
Vocacional_Horizontal(Av. Itaipava)_Elio_Winter_Itajai_SC_estudo exemplo.pptx,2,,VOCACIONAL HORIZONTAL,ppt/media/image41.png,1868bd25043ee6e1,26,200x200,False,False
Vocacional_Horizontal(Av. Itaipava)_Elio_Winter_Itajai_SC_estudo exemplo.pptx,2,,VOCACIONAL HORIZONTAL,ppt/media/image40.png,3039539490e4f22c,888,1920x1080,False,False
Vocacional_Horizontal(Av. Itaipava)_Elio_Winter_Itajai_SC_estudo exemplo.pptx,3,,(sem título),ppt/media/image42.jpg,16a57098b11ff393,838,1920x1080,False,False
Vocacional_Horizontal(Av. Itaipava)_Elio_Winter_Itajai_SC_estudo exemplo.pptx,4,,Plataforma de georreferenciamento imobiliário,ppt/media/image44.png,ee461fd1bac4fae3,671,3500x3150,False,False
Vocacional_Horizontal(Av. Itaipava)_Elio_Winter_Itajai_SC_estudo exemplo.pptx,4,,Plataforma de georreferenciamento imobiliário,ppt/media/image47.png,fe85680964afd622,25,800x249,False,False
Vocacional_Horizontal(Av. Itaipava)_Elio_Winter_Itajai_SC_estudo exemplo.pptx,4,,Plataforma de georreferenciamento imobiliário,ppt/media/image43.png,ef789faa1a10d212,341,1366x768,False,False
Vocacional_Horizontal(Av. Itaipava)_Elio_Winter_Itajai_SC_estudo exemplo.pptx,4,,Plataforma de georreferenciamento imobiliário,ppt/media/image46.svg,a9e42cc64526bc00,11,,False,False
Vocacional_Horizontal(Av. Itaipava)_Elio_Winter_Itajai_SC_estudo exemplo.pptx,4,,Plataforma de georreferenciamento imobiliário,ppt/media/image49.png,22e09a9fb890a048,28,696x221,False,False
Vocacional_Horizontal(Av. Itaipava)_Elio_Winter_Itajai_SC_estudo exemplo.pptx,4,,Plataforma de georreferenciamento imobiliário,ppt/media/image45.png,30851063c9969eef,13,541x541,False,False
Vocacional_Horizontal(Av. Itaipava)_Elio_Winter_Itajai_SC_estudo exemplo.pptx,4,,Plataforma de georreferenciamento imobiliário,ppt/media/image48.svg,22168b0c85d0c625,1,,False,False
Vocacional_Horizontal(Av. Itaipava)_Elio_Winter_Itajai_SC_estudo exemplo.pptx,4,,Plataforma de georreferenciamento imobiliário,ppt/media/image50.svg,3b2c3879b5f5a052,2,,False,False
Vocacional_Horizontal(Av. Itaipava)_Elio_Winter_Itajai_SC_estudo exemplo.pptx,5,,(sem título),ppt/media/image51.jpg,14edab035086a685,589,1920x1080,False,False
Vocacional_Horizontal(Av. Itaipava)_Elio_Winter_Itajai_SC_estudo exemplo.pptx,6,,(sem título),ppt/media/image52.jpg,306ed6f8683fb209,975,1920x1080,False,False
Vocacional_Horizontal(Av. Itaipava)_Elio_Winter_Itajai_SC_estudo exemplo.pptx,7,,SUMÁRIO,ppt/media/image3.png,7b03eb916d161de1,2,206x47,False,False
Vocacional_Horizontal(Av. Itaipava)_Elio_Winter_Itajai_SC_estudo exemplo.pptx,7,,SUMÁRIO,ppt/media/image53.png,5dc05ab7feade418,16,815x162,False,False
Vocacional_Horizontal(Av. Itaipava)_Elio_Winter_Itajai_SC_estudo exemplo.pptx,8,,OBJETIVOS E METODOLOGIAS,ppt/media/image56.svg,681286beb87e4bc7,0,,False,False
Vocacional_Horizontal(Av. Itaipava)_Elio_Winter_Itajai_SC_estudo exemplo.pptx,8,,OBJETIVOS E METODOLOGIAS,ppt/media/image55.png,d337997499b707f7,1487,1920x1080,False,False
Vocacional_Horizontal(Av. Itaipava)_Elio_Winter_Itajai_SC_estudo exemplo.pptx,8,,OBJETIVOS E METODOLOGIAS,ppt/media/image54.svg,c9d931fffaae7124,0,,False,False
Vocacional_Horizontal(Av. Itaipava)_Elio_Winter_Itajai_SC_estudo exemplo.pptx,9,,Objetivos do estudo,ppt/media/image61.png,a2452f4e41e4265e,4,321x321,False,False
Vocacional_Horizontal(Av. Itaipava)_Elio_Winter_Itajai_SC_estudo exemplo.pptx,9,,Objetivos do estudo,ppt/media/image3.png,7b03eb916d161de1,2,206x47,False,False
Vocacional_Horizontal(Av. Itaipava)_Elio_Winter_Itajai_SC_estudo exemplo.pptx,9,,Objetivos do estudo,ppt/media/image60.png,b32316286885e3ab,3,404x403,False,False
Vocacional_Horizontal(Av. Itaipava)_Elio_Winter_Itajai_SC_estudo exemplo.pptx,9,,Objetivos do estudo,ppt/media/image59.png,901d2f6ce651e7b2,8,262x262,False,False
Vocacional_Horizontal(Av. Itaipava)_Elio_Winter_Itajai_SC_estudo exemplo.pptx,9,,Objetivos do estudo,ppt/media/image64.png,f8bc4f7f12920612,1,143x143,False,False
Vocacional_Horizontal(Av. Itaipava)_Elio_Winter_Itajai_SC_estudo exemplo.pptx,9,,Objetivos do estudo,ppt/media/image58.png,9cc6177e178879ee,10,385x384,False,False
Vocacional_Horizontal(Av. Itaipava)_Elio_Winter_Itajai_SC_estudo exemplo.pptx,9,,Objetivos do estudo,ppt/media/image63.png,f61a0ec12c5dc6e8,9,294x294,False,False
Vocacional_Horizontal(Av. Itaipava)_Elio_Winter_Itajai_SC_estudo exemplo.pptx,9,,Objetivos do estudo,ppt/media/image57.png,789f4922a6be48cc,3,406x406,False,False
Vocacional_Horizontal(Av. Itaipava)_Elio_Winter_Itajai_SC_estudo exemplo.pptx,9,,Objetivos do estudo,ppt/media/image62.png,12bcd4fd612f192b,3,297x297,False,False
Vocacional_Horizontal(Av. Itaipava)_Elio_Winter_Itajai_SC_estudo exemplo.pptx,10,,Metodologia,ppt/media/image70.png,868236af57007335,2,289x289,False,False
Vocacional_Horizontal(Av. Itaipava)_Elio_Winter_Itajai_SC_estudo exemplo.pptx,10,,Metodologia,ppt/media/image65.png,62a354bdabfbd52a,2,292x292,False,False
Vocacional_Horizontal(Av. Itaipava)_Elio_Winter_Itajai_SC_estudo exemplo.pptx,10,,Metodologia,ppt/media/image69.png,02a90a69295923ca,4,179x179,False,False
Vocacional_Horizontal(Av. Itaipava)_Elio_Winter_Itajai_SC_estudo exemplo.pptx,10,,Metodologia,ppt/media/image68.png,bece0148a2db310b,4,202x202,False,False
Vocacional_Horizontal(Av. Itaipava)_Elio_Winter_Itajai_SC_estudo exemplo.pptx,10,,Metodologia,ppt/media/image67.png,eb598d2407b242fc,2,288x288,False,False
Vocacional_Horizontal(Av. Itaipava)_Elio_Winter_Itajai_SC_estudo exemplo.pptx,10,,Metodologia,ppt/media/image3.png,7b03eb916d161de1,2,206x47,False,False
Vocacional_Horizontal(Av. Itaipava)_Elio_Winter_Itajai_SC_estudo exemplo.pptx,10,,Metodologia,ppt/media/image66.png,0eb9fd335a92df86,5,261x261,False,False
Vocacional_Horizontal(Av. Itaipava)_Elio_Winter_Itajai_SC_estudo exemplo.pptx,10,,Metodologia,ppt/media/image71.png,8610886f2e9f61d9,3,127x127,False,False
Vocacional_Horizontal(Av. Itaipava)_Elio_Winter_Itajai_SC_estudo exemplo.pptx,11,IDENTIFICACAO,IDENTIFICAÇÃO DO TERRENO E DETERMINAÇÃO DA ZONA DE INFLUÊNCI,ppt/media/image72.png,f24f62e6f1279276,1284,1920x1080,False,False
Vocacional_Horizontal(Av. Itaipava)_Elio_Winter_Itajai_SC_estudo exemplo.pptx,11,IDENTIFICACAO,IDENTIFICAÇÃO DO TERRENO E DETERMINAÇÃO DA ZONA DE INFLUÊNCI,ppt/media/image56.svg,681286beb87e4bc7,0,,False,False
Vocacional_Horizontal(Av. Itaipava)_Elio_Winter_Itajai_SC_estudo exemplo.pptx,12,IDENTIFICACAO,IDENTIFICAÇÃO DO TERRENO,ppt/media/image4.png,1d19746158f47a21,10,465x465,False,False
Vocacional_Horizontal(Av. Itaipava)_Elio_Winter_Itajai_SC_estudo exemplo.pptx,12,IDENTIFICACAO,IDENTIFICAÇÃO DO TERRENO,ppt/media/image3.png,7b03eb916d161de1,2,206x47,False,False
Vocacional_Horizontal(Av. Itaipava)_Elio_Winter_Itajai_SC_estudo exemplo.pptx,13,IDENTIFICACAO,TERRENO,ppt/media/image3.png,7b03eb916d161de1,2,206x47,False,False
Vocacional_Horizontal(Av. Itaipava)_Elio_Winter_Itajai_SC_estudo exemplo.pptx,13,IDENTIFICACAO,TERRENO,ppt/media/image73.png,c1de841dce33cd94,2936,,False,False
Vocacional_Horizontal(Av. Itaipava)_Elio_Winter_Itajai_SC_estudo exemplo.pptx,14,,Itaipava Club Residence,ppt/media/image75.jpeg,cfcee35056d33291,2,200x200,False,False
Vocacional_Horizontal(Av. Itaipava)_Elio_Winter_Itajai_SC_estudo exemplo.pptx,14,,Itaipava Club Residence,ppt/media/image74.png,e78ed7dbc54c4486,3930,1731x853,False,False
Vocacional_Horizontal(Av. Itaipava)_Elio_Winter_Itajai_SC_estudo exemplo.pptx,15,IDENTIFICACAO,ENTORNO  DO TERRENO,ppt/media/image77.jpeg,a278a41ab4a4b6c2,224,1200x1600,False,False
Vocacional_Horizontal(Av. Itaipava)_Elio_Winter_Itajai_SC_estudo exemplo.pptx,15,IDENTIFICACAO,ENTORNO  DO TERRENO,ppt/media/image76.jpeg,a300086339b832cc,185,1200x1600,False,False
Vocacional_Horizontal(Av. Itaipava)_Elio_Winter_Itajai_SC_estudo exemplo.pptx,15,IDENTIFICACAO,ENTORNO  DO TERRENO,ppt/media/image78.jpeg,0015c85ebfd636bc,230,1200x1600,False,False
Vocacional_Horizontal(Av. Itaipava)_Elio_Winter_Itajai_SC_estudo exemplo.pptx,16,IDENTIFICACAO,ENTORNO  DO TERRENO - Vídeo,ppt/media/image79.png,4a5aa026da71542e,487,478x850,False,False
Vocacional_Horizontal(Av. Itaipava)_Elio_Winter_Itajai_SC_estudo exemplo.pptx,17,,Av. Itaipava,ppt/media/image80.jpg,4375c23a1ccd72f0,107,900x600,False,False
Vocacional_Horizontal(Av. Itaipava)_Elio_Winter_Itajai_SC_estudo exemplo.pptx,18,,Av. Itaipava,ppt/media/image81.jpg,71498d117d3b28e0,86,900x600,False,False
Vocacional_Horizontal(Av. Itaipava)_Elio_Winter_Itajai_SC_estudo exemplo.pptx,19,,Av. Itaipava,ppt/media/image81.jpg,71498d117d3b28e0,86,900x600,False,False
Vocacional_Horizontal(Av. Itaipava)_Elio_Winter_Itajai_SC_estudo exemplo.pptx,20,,Av. Itaipava,ppt/media/image75.jpeg,cfcee35056d33291,2,200x200,False,False
Vocacional_Horizontal(Av. Itaipava)_Elio_Winter_Itajai_SC_estudo exemplo.pptx,20,,Av. Itaipava,ppt/media/image82.png,78aca810064cb9a3,6603,2000x1125,False,False
Vocacional_Horizontal(Av. Itaipava)_Elio_Winter_Itajai_SC_estudo exemplo.pptx,21,,"APROXIMADAMENTE 15 min  – 9,6 Km",ppt/media/image83.png,dabc1dff2a5ce84a,3835,,False,False
Vocacional_Horizontal(Av. Itaipava)_Elio_Winter_Itajai_SC_estudo exemplo.pptx,22,CONCLUSAO,PRODUTO PROPOSTO,ppt/media/image10.png,34747f23306be53e,3,203x203,False,False
Vocacional_Horizontal(Av. Itaipava)_Elio_Winter_Itajai_SC_estudo exemplo.pptx,23,CONCLUSAO,Produto proposto,ppt/media/image3.png,7b03eb916d161de1,2,206x47,False,False
Vocacional_Horizontal(Av. Itaipava)_Elio_Winter_Itajai_SC_estudo exemplo.pptx,23,CONCLUSAO,Produto proposto,ppt/media/image84.png,48379b37be13d152,369,695x716,False,False
Vocacional_Horizontal(Av. Itaipava)_Elio_Winter_Itajai_SC_estudo exemplo.pptx,24,CONCLUSAO,Produto proposto,ppt/media/image3.png,7b03eb916d161de1,2,206x47,False,False
Vocacional_Horizontal(Av. Itaipava)_Elio_Winter_Itajai_SC_estudo exemplo.pptx,24,CONCLUSAO,Produto proposto,ppt/media/image86.png,ea09e3ba9fdbeefe,123,318x653,False,False
Vocacional_Horizontal(Av. Itaipava)_Elio_Winter_Itajai_SC_estudo exemplo.pptx,24,CONCLUSAO,Produto proposto,ppt/media/image85.png,265d814e08b8b45c,399,491x762,False,False
Vocacional_Horizontal(Av. Itaipava)_Elio_Winter_Itajai_SC_estudo exemplo.pptx,25,CONCLUSAO,Produto proposto,ppt/media/image3.png,7b03eb916d161de1,2,206x47,False,False
Vocacional_Horizontal(Av. Itaipava)_Elio_Winter_Itajai_SC_estudo exemplo.pptx,25,CONCLUSAO,Produto proposto,ppt/media/image89.png,a64f89336302f493,59,247x150,False,False
Vocacional_Horizontal(Av. Itaipava)_Elio_Winter_Itajai_SC_estudo exemplo.pptx,25,CONCLUSAO,Produto proposto,ppt/media/image88.png,0847619bacc5db8b,75,331x272,False,False
Vocacional_Horizontal(Av. Itaipava)_Elio_Winter_Itajai_SC_estudo exemplo.pptx,25,CONCLUSAO,Produto proposto,ppt/media/image87.png,f9d85e42fce24ed3,1090,925x777,False,False
Vocacional_Horizontal(Av. Itaipava)_Elio_Winter_Itajai_SC_estudo exemplo.pptx,26,IDENTIFICACAO,DETERMINAÇÃO DA ZONA DE INFLUÊNCIA,ppt/media/image4.png,1d19746158f47a21,10,465x465,False,False
Vocacional_Horizontal(Av. Itaipava)_Elio_Winter_Itajai_SC_estudo exemplo.pptx,26,IDENTIFICACAO,DETERMINAÇÃO DA ZONA DE INFLUÊNCIA,ppt/media/image3.png,7b03eb916d161de1,2,206x47,False,False
Vocacional_Horizontal(Av. Itaipava)_Elio_Winter_Itajai_SC_estudo exemplo.pptx,27,IDENTIFICACAO,DETERMINAÇÃO DA Z.I.,ppt/media/image90.png,203270db0ceb21ad,1800,3430x1818,False,True
Vocacional_Horizontal(Av. Itaipava)_Elio_Winter_Itajai_SC_estudo exemplo.pptx,28,IDENTIFICACAO,DETERMINAÇÃO DA Z.I.,ppt/media/image91.png,2874d6c5dd98716b,2342,3430x1818,False,False
Vocacional_Horizontal(Av. Itaipava)_Elio_Winter_Itajai_SC_estudo exemplo.pptx,29,SOCIO,SOCIODEMOGRAFIA,ppt/media/image72.png,f24f62e6f1279276,1284,1920x1080,True,False
Vocacional_Horizontal(Av. Itaipava)_Elio_Winter_Itajai_SC_estudo exemplo.pptx,29,SOCIO,SOCIODEMOGRAFIA,ppt/media/image56.svg,681286beb87e4bc7,0,,True,False
Vocacional_Horizontal(Av. Itaipava)_Elio_Winter_Itajai_SC_estudo exemplo.pptx,30,SOCIO,PROJEÇÃO DE POPULAÇÃO E DOMICÍLIOS 2026 A 2031,ppt/media/image4.png,1d19746158f47a21,10,465x465,True,False
Vocacional_Horizontal(Av. Itaipava)_Elio_Winter_Itajai_SC_estudo exemplo.pptx,30,SOCIO,PROJEÇÃO DE POPULAÇÃO E DOMICÍLIOS 2026 A 2031,ppt/media/image3.png,7b03eb916d161de1,2,206x47,True,False
Vocacional_Horizontal(Av. Itaipava)_Elio_Winter_Itajai_SC_estudo exemplo.pptx,31,SOCIO,POPULAÇÃO,ppt/media/image92.png,cead1879ae985cb1,15,1021x451,True,False
Vocacional_Horizontal(Av. Itaipava)_Elio_Winter_Itajai_SC_estudo exemplo.pptx,31,SOCIO,POPULAÇÃO,ppt/media/image3.png,7b03eb916d161de1,2,206x47,True,False
Vocacional_Horizontal(Av. Itaipava)_Elio_Winter_Itajai_SC_estudo exemplo.pptx,32,,PROJEÇÃO DO AUMENTO POPULACIONAL: 2026 A 2031,ppt/media/image93.png,fc6385b89f471660,16,1529x351,False,False
Vocacional_Horizontal(Av. Itaipava)_Elio_Winter_Itajai_SC_estudo exemplo.pptx,32,,PROJEÇÃO DO AUMENTO POPULACIONAL: 2026 A 2031,ppt/media/image3.png,7b03eb916d161de1,2,206x47,False,False
Vocacional_Horizontal(Av. Itaipava)_Elio_Winter_Itajai_SC_estudo exemplo.pptx,33,SOCIO,CRESCIMENTO ANUAL DA POPULAÇÃO:2026 A 2031,ppt/media/image94.png,e251763e27391fa0,18,1529x451,True,False
Vocacional_Horizontal(Av. Itaipava)_Elio_Winter_Itajai_SC_estudo exemplo.pptx,33,SOCIO,CRESCIMENTO ANUAL DA POPULAÇÃO:2026 A 2031,ppt/media/image3.png,7b03eb916d161de1,2,206x47,True,False
Vocacional_Horizontal(Av. Itaipava)_Elio_Winter_Itajai_SC_estudo exemplo.pptx,34,,"A taxa do Brasil não é essa, é 1,8%",ppt/media/image3.png,7b03eb916d161de1,2,206x47,False,False
Vocacional_Horizontal(Av. Itaipava)_Elio_Winter_Itajai_SC_estudo exemplo.pptx,34,,"A taxa do Brasil não é essa, é 1,8%",ppt/media/image95.png,21dec7ca2f596b56,15,1020x451,False,False
Vocacional_Horizontal(Av. Itaipava)_Elio_Winter_Itajai_SC_estudo exemplo.pptx,35,,PROJEÇÃO DO AUMENTO DOMICILIAR: 2026 A 2031,ppt/media/image96.png,a571a2ae82be689f,15,1529x351,False,True
Vocacional_Horizontal(Av. Itaipava)_Elio_Winter_Itajai_SC_estudo exemplo.pptx,35,,PROJEÇÃO DO AUMENTO DOMICILIAR: 2026 A 2031,ppt/media/image3.png,7b03eb916d161de1,2,206x47,False,True
Vocacional_Horizontal(Av. Itaipava)_Elio_Winter_Itajai_SC_estudo exemplo.pptx,36,SOCIO,CRESCIMENTO ANUAL DE DOMICÍLIOS: 2026 A 2031,ppt/media/image97.png,9088b7a2b61d230c,17,1529x451,True,True
Vocacional_Horizontal(Av. Itaipava)_Elio_Winter_Itajai_SC_estudo exemplo.pptx,36,SOCIO,CRESCIMENTO ANUAL DE DOMICÍLIOS: 2026 A 2031,ppt/media/image3.png,7b03eb916d161de1,2,206x47,True,True
Vocacional_Horizontal(Av. Itaipava)_Elio_Winter_Itajai_SC_estudo exemplo.pptx,37,SOCIO,DADOS SOCIODEMOGRÁFICOS POPULAÇÃO E DOMICÍLIOS,ppt/media/image3.png,7b03eb916d161de1,2,206x47,True,False
Vocacional_Horizontal(Av. Itaipava)_Elio_Winter_Itajai_SC_estudo exemplo.pptx,38,SOCIO,POPULAÇÃO POR FAIXA ETÁRIA,ppt/media/image3.png,7b03eb916d161de1,2,206x47,True,False
Vocacional_Horizontal(Av. Itaipava)_Elio_Winter_Itajai_SC_estudo exemplo.pptx,38,SOCIO,POPULAÇÃO POR FAIXA ETÁRIA,ppt/media/image98.png,6c0e547de0f29955,48,1394x451,True,False
Vocacional_Horizontal(Av. Itaipava)_Elio_Winter_Itajai_SC_estudo exemplo.pptx,38,SOCIO,POPULAÇÃO POR FAIXA ETÁRIA,ppt/media/image99.png,ec6439e82cdd047c,6,512x512,True,False
Vocacional_Horizontal(Av. Itaipava)_Elio_Winter_Itajai_SC_estudo exemplo.pptx,39,,DENSIDADE DEMOGRÁFICA,ppt/media/image101.png,e55ad9caa63ac43e,6,273x185,False,False
Vocacional_Horizontal(Av. Itaipava)_Elio_Winter_Itajai_SC_estudo exemplo.pptx,39,,DENSIDADE DEMOGRÁFICA,ppt/media/image100.png,f603dc87158886ea,1843,3430x1818,False,False
Vocacional_Horizontal(Av. Itaipava)_Elio_Winter_Itajai_SC_estudo exemplo.pptx,40,,DENSIDADE DEMOGRÁFICA,ppt/media/image101.png,e55ad9caa63ac43e,6,273x185,False,False
Vocacional_Horizontal(Av. Itaipava)_Elio_Winter_Itajai_SC_estudo exemplo.pptx,40,,DENSIDADE DEMOGRÁFICA,ppt/media/image102.png,97508fb7fec8e335,2313,3430x1818,False,False
Vocacional_Horizontal(Av. Itaipava)_Elio_Winter_Itajai_SC_estudo exemplo.pptx,41,SOCIO,DOMICÍLIOS POR FAIXA DE RENDA,ppt/media/image3.png,7b03eb916d161de1,2,206x47,True,True
Vocacional_Horizontal(Av. Itaipava)_Elio_Winter_Itajai_SC_estudo exemplo.pptx,41,SOCIO,DOMICÍLIOS POR FAIXA DE RENDA,ppt/media/image103.png,d3c46e49bfea3dca,68,1574x752,True,True
Vocacional_Horizontal(Av. Itaipava)_Elio_Winter_Itajai_SC_estudo exemplo.pptx,42,SOCIO,RENDA DOMICILIAR,ppt/media/image105.png,55cd8466108a2031,72,318x307,True,False
Vocacional_Horizontal(Av. Itaipava)_Elio_Winter_Itajai_SC_estudo exemplo.pptx,42,SOCIO,RENDA DOMICILIAR,ppt/media/image104.png,8022de2289856585,1874,3430x1818,True,False
Vocacional_Horizontal(Av. Itaipava)_Elio_Winter_Itajai_SC_estudo exemplo.pptx,42,SOCIO,RENDA DOMICILIAR,ppt/media/image99.png,ec6439e82cdd047c,6,512x512,True,False
Vocacional_Horizontal(Av. Itaipava)_Elio_Winter_Itajai_SC_estudo exemplo.pptx,43,SOCIO,RENDA DOMICILIAR,ppt/media/image107.png,76a10bb9b8f248be,66,294x284,True,False
Vocacional_Horizontal(Av. Itaipava)_Elio_Winter_Itajai_SC_estudo exemplo.pptx,43,SOCIO,RENDA DOMICILIAR,ppt/media/image106.png,5fa9d3dba7206fa1,2214,3430x1818,True,False
Vocacional_Horizontal(Av. Itaipava)_Elio_Winter_Itajai_SC_estudo exemplo.pptx,44,SOCIO,DOMICÍLIOS POR NÚMERO DE MORADORES,ppt/media/image3.png,7b03eb916d161de1,2,206x47,True,False
Vocacional_Horizontal(Av. Itaipava)_Elio_Winter_Itajai_SC_estudo exemplo.pptx,44,SOCIO,DOMICÍLIOS POR NÚMERO DE MORADORES,ppt/media/image108.png,7788e40050197eb8,44,1328x401,True,False
Vocacional_Horizontal(Av. Itaipava)_Elio_Winter_Itajai_SC_estudo exemplo.pptx,45,SOCIO,DOMICÍLIOS POR NÚMERO DE MORADORES,ppt/media/image109.svg,94d132e8a6447728,43,,True,False
Vocacional_Horizontal(Av. Itaipava)_Elio_Winter_Itajai_SC_estudo exemplo.pptx,45,SOCIO,DOMICÍLIOS POR NÚMERO DE MORADORES,ppt/media/image3.png,7b03eb916d161de1,2,206x47,True,False
Vocacional_Horizontal(Av. Itaipava)_Elio_Winter_Itajai_SC_estudo exemplo.pptx,46,SOCIO,DOMICÍLIOS POR TIPO,ppt/media/image3.png,7b03eb916d161de1,2,206x47,True,False
Vocacional_Horizontal(Av. Itaipava)_Elio_Winter_Itajai_SC_estudo exemplo.pptx,46,SOCIO,DOMICÍLIOS POR TIPO,ppt/media/image110.png,3426af0863a56eca,22,1373x251,True,False
Vocacional_Horizontal(Av. Itaipava)_Elio_Winter_Itajai_SC_estudo exemplo.pptx,46,SOCIO,DOMICÍLIOS POR TIPO,ppt/media/image99.png,ec6439e82cdd047c,6,512x512,True,False
Vocacional_Horizontal(Av. Itaipava)_Elio_Winter_Itajai_SC_estudo exemplo.pptx,47,SOCIO,DOMICÍLIOS POR TIPO,ppt/media/image111.svg,0d5dac6cf1b27b8a,9,,True,False
Vocacional_Horizontal(Av. Itaipava)_Elio_Winter_Itajai_SC_estudo exemplo.pptx,47,SOCIO,DOMICÍLIOS POR TIPO,ppt/media/image3.png,7b03eb916d161de1,2,206x47,True,False
Vocacional_Horizontal(Av. Itaipava)_Elio_Winter_Itajai_SC_estudo exemplo.pptx,48,,"Apartamento14,9%",ppt/media/image113.png,79cb2a14c63ffa12,6,186x209,False,False
Vocacional_Horizontal(Av. Itaipava)_Elio_Winter_Itajai_SC_estudo exemplo.pptx,48,,"Apartamento14,9%",ppt/media/image112.png,989cc01856c46c58,1840,3430x1818,False,False
Vocacional_Horizontal(Av. Itaipava)_Elio_Winter_Itajai_SC_estudo exemplo.pptx,48,,"Apartamento14,9%",ppt/media/image99.png,ec6439e82cdd047c,6,512x512,False,False
Vocacional_Horizontal(Av. Itaipava)_Elio_Winter_Itajai_SC_estudo exemplo.pptx,49,,ÍNDICE DE VERTICALIZAÇÃO,ppt/media/image113.png,79cb2a14c63ffa12,6,186x209,False,False
Vocacional_Horizontal(Av. Itaipava)_Elio_Winter_Itajai_SC_estudo exemplo.pptx,49,,ÍNDICE DE VERTICALIZAÇÃO,ppt/media/image114.png,9a1aa2e5b6b760ff,2047,3430x1818,False,False
Vocacional_Horizontal(Av. Itaipava)_Elio_Winter_Itajai_SC_estudo exemplo.pptx,50,SOCIO,DOMICÍLIOS POR CONDIÇÃO DE OCUPAÇÃO,ppt/media/image3.png,7b03eb916d161de1,2,206x47,True,False
Vocacional_Horizontal(Av. Itaipava)_Elio_Winter_Itajai_SC_estudo exemplo.pptx,50,SOCIO,DOMICÍLIOS POR CONDIÇÃO DE OCUPAÇÃO,ppt/media/image115.png,730515c7afcd23e3,26,1328x301,True,False
Vocacional_Horizontal(Av. Itaipava)_Elio_Winter_Itajai_SC_estudo exemplo.pptx,50,SOCIO,DOMICÍLIOS POR CONDIÇÃO DE OCUPAÇÃO,ppt/media/image99.png,ec6439e82cdd047c,6,512x512,True,False
Vocacional_Horizontal(Av. Itaipava)_Elio_Winter_Itajai_SC_estudo exemplo.pptx,51,SOCIO,DOMICÍLIOS POR CONDIÇÃO DE OCUPAÇÃO,ppt/media/image116.svg,edcce6f7a6a6748f,29,,True,False
Vocacional_Horizontal(Av. Itaipava)_Elio_Winter_Itajai_SC_estudo exemplo.pptx,51,SOCIO,DOMICÍLIOS POR CONDIÇÃO DE OCUPAÇÃO,ppt/media/image3.png,7b03eb916d161de1,2,206x47,True,False
Vocacional_Horizontal(Av. Itaipava)_Elio_Winter_Itajai_SC_estudo exemplo.pptx,52,,ÍNDICE DE PROPRIEDADE,ppt/media/image118.png,c5304df89d273fd9,5,178x185,False,False
Vocacional_Horizontal(Av. Itaipava)_Elio_Winter_Itajai_SC_estudo exemplo.pptx,52,,ÍNDICE DE PROPRIEDADE,ppt/media/image117.png,5a606e620427aa01,1867,3430x1818,False,False
Vocacional_Horizontal(Av. Itaipava)_Elio_Winter_Itajai_SC_estudo exemplo.pptx,52,,ÍNDICE DE PROPRIEDADE,ppt/media/image99.png,ec6439e82cdd047c,6,512x512,False,False
Vocacional_Horizontal(Av. Itaipava)_Elio_Winter_Itajai_SC_estudo exemplo.pptx,53,,ÍNDICE DE PROPRIEDADE,ppt/media/image118.png,c5304df89d273fd9,5,178x185,False,False
Vocacional_Horizontal(Av. Itaipava)_Elio_Winter_Itajai_SC_estudo exemplo.pptx,53,,ÍNDICE DE PROPRIEDADE,ppt/media/image119.png,17716e8d370df857,2068,3430x1818,False,False
Vocacional_Horizontal(Av. Itaipava)_Elio_Winter_Itajai_SC_estudo exemplo.pptx,54,IDENTIFICACAO,PONTOS DE COMÉRCIO E SERVIÇOS NA ZONA DE INFLUÊNCIA,ppt/media/image3.png,7b03eb916d161de1,2,206x47,False,False
Vocacional_Horizontal(Av. Itaipava)_Elio_Winter_Itajai_SC_estudo exemplo.pptx,54,IDENTIFICACAO,PONTOS DE COMÉRCIO E SERVIÇOS NA ZONA DE INFLUÊNCIA,ppt/media/image4.png,1d19746158f47a21,10,465x465,False,False
Vocacional_Horizontal(Av. Itaipava)_Elio_Winter_Itajai_SC_estudo exemplo.pptx,55,,PONTOS DE COMÉRCIO E SERVIÇOS NAS ZONAS DE INFLUÊNCIA,ppt/media/image120.png,d93d3b661b93fea1,28,781x363,False,False
Vocacional_Horizontal(Av. Itaipava)_Elio_Winter_Itajai_SC_estudo exemplo.pptx,55,,PONTOS DE COMÉRCIO E SERVIÇOS NAS ZONAS DE INFLUÊNCIA,ppt/media/image3.png,7b03eb916d161de1,2,206x47,False,False
Vocacional_Horizontal(Av. Itaipava)_Elio_Winter_Itajai_SC_estudo exemplo.pptx,56,,PONTOS DE COMÉRCIO E SERVIÇOS,ppt/media/image122.jpg,e07437064a92edb5,39,300x595,False,False
Vocacional_Horizontal(Av. Itaipava)_Elio_Winter_Itajai_SC_estudo exemplo.pptx,56,,PONTOS DE COMÉRCIO E SERVIÇOS,ppt/media/image121.png,02dd767f292f0ba3,983,1653x919,False,False
Vocacional_Horizontal(Av. Itaipava)_Elio_Winter_Itajai_SC_estudo exemplo.pptx,57,,PONTOS DE COMÉRCIO E SERVIÇOS,ppt/media/image122.jpg,e07437064a92edb5,39,300x595,False,False
Vocacional_Horizontal(Av. Itaipava)_Elio_Winter_Itajai_SC_estudo exemplo.pptx,57,,PONTOS DE COMÉRCIO E SERVIÇOS,ppt/media/image123.png,8d33e5cd548e84f3,729,1538x963,False,False
Vocacional_Horizontal(Av. Itaipava)_Elio_Winter_Itajai_SC_estudo exemplo.pptx,58,SOCIO,PROJEÇÃO DE DEMANDA VEGETATIVA,ppt/media/image3.png,7b03eb916d161de1,2,206x47,True,False
Vocacional_Horizontal(Av. Itaipava)_Elio_Winter_Itajai_SC_estudo exemplo.pptx,58,SOCIO,PROJEÇÃO DE DEMANDA VEGETATIVA,ppt/media/image4.png,1d19746158f47a21,10,465x465,True,False
Vocacional_Horizontal(Av. Itaipava)_Elio_Winter_Itajai_SC_estudo exemplo.pptx,59,SOCIO,PROJEÇÃO DA DEMANDA VEGETATIVA DE DOMICÍLIOSItajaí,ppt/media/image124.png,fa2bd45fe6189c8a,73,2124x728,True,True
Vocacional_Horizontal(Av. Itaipava)_Elio_Winter_Itajai_SC_estudo exemplo.pptx,59,SOCIO,PROJEÇÃO DA DEMANDA VEGETATIVA DE DOMICÍLIOSItajaí,ppt/media/image3.png,7b03eb916d161de1,2,206x47,True,True
Vocacional_Horizontal(Av. Itaipava)_Elio_Winter_Itajai_SC_estudo exemplo.pptx,60,SOCIO,PROJEÇÃO DA DEMANDA VEGETATIVA DE DOMICÍLIOS30 min,ppt/media/image125.png,ca3e634980324c94,77,2079x728,True,True
Vocacional_Horizontal(Av. Itaipava)_Elio_Winter_Itajai_SC_estudo exemplo.pptx,60,SOCIO,PROJEÇÃO DA DEMANDA VEGETATIVA DE DOMICÍLIOS30 min,ppt/media/image3.png,7b03eb916d161de1,2,206x47,True,True
Vocacional_Horizontal(Av. Itaipava)_Elio_Winter_Itajai_SC_estudo exemplo.pptx,61,MERCADO,POTENCIAL DE MERCADO PARA PRODUTOS HORIZONTAIS,ppt/media/image3.png,7b03eb916d161de1,2,206x47,True,False
Vocacional_Horizontal(Av. Itaipava)_Elio_Winter_Itajai_SC_estudo exemplo.pptx,61,MERCADO,POTENCIAL DE MERCADO PARA PRODUTOS HORIZONTAIS,ppt/media/image4.png,1d19746158f47a21,10,465x465,True,False
Vocacional_Horizontal(Av. Itaipava)_Elio_Winter_Itajai_SC_estudo exemplo.pptx,62,,Tabela Explicativa,ppt/media/image126.png,c175928be00f5918,197,1654x749,False,False
Vocacional_Horizontal(Av. Itaipava)_Elio_Winter_Itajai_SC_estudo exemplo.pptx,63,MERCADO,ANÁLISE DO MERCADO RESIDENCIAL,ppt/media/image55.png,d337997499b707f7,1487,1920x1080,True,False
Vocacional_Horizontal(Av. Itaipava)_Elio_Winter_Itajai_SC_estudo exemplo.pptx,63,MERCADO,ANÁLISE DO MERCADO RESIDENCIAL,ppt/media/image56.svg,681286beb87e4bc7,0,,True,False
Vocacional_Horizontal(Av. Itaipava)_Elio_Winter_Itajai_SC_estudo exemplo.pptx,64,MERCADO,LOCALIZAÇÃO DOS EMPREENDIMENTOS,ppt/media/image3.png,7b03eb916d161de1,2,206x47,True,False
Vocacional_Horizontal(Av. Itaipava)_Elio_Winter_Itajai_SC_estudo exemplo.pptx,64,MERCADO,LOCALIZAÇÃO DOS EMPREENDIMENTOS,ppt/media/image4.png,1d19746158f47a21,10,465x465,True,False
Vocacional_Horizontal(Av. Itaipava)_Elio_Winter_Itajai_SC_estudo exemplo.pptx,64,MERCADO,LOCALIZAÇÃO DOS EMPREENDIMENTOS,ppt/media/image127.png,92e8c77c5928186f,2958,1614x887,True,False
Vocacional_Horizontal(Av. Itaipava)_Elio_Winter_Itajai_SC_estudo exemplo.pptx,65,,(sem título),ppt/media/image128.png,8ab3e8ffe0399a44,1628,1571x682,False,False
Vocacional_Horizontal(Av. Itaipava)_Elio_Winter_Itajai_SC_estudo exemplo.pptx,66,,(sem título),ppt/media/image130.png,88522c4466ab10f3,1565,1587x807,False,False
Vocacional_Horizontal(Av. Itaipava)_Elio_Winter_Itajai_SC_estudo exemplo.pptx,66,,(sem título),ppt/media/image129.png,eec18219c252ae27,2580,1861x739,False,False
Vocacional_Horizontal(Av. Itaipava)_Elio_Winter_Itajai_SC_estudo exemplo.pptx,67,IDENTIFICACAO,Aqui nesses terrenos olhando pelo google Earth eles parecem ,ppt/media/image131.png,8b98894585050364,1153,1101x487,False,False
Vocacional_Horizontal(Av. Itaipava)_Elio_Winter_Itajai_SC_estudo exemplo.pptx,68,MERCADO,EMPREENDIMENTOS RESIDENCIAIS,ppt/media/image132.png,b1bdb9b051a2ee3a,1876,3430x1818,True,False
Vocacional_Horizontal(Av. Itaipava)_Elio_Winter_Itajai_SC_estudo exemplo.pptx,69,MERCADO,EMPREENDIMENTOS RESIDENCIAIS,ppt/media/image133.png,b2668fb10f2612f7,1882,3430x1818,True,False
Vocacional_Horizontal(Av. Itaipava)_Elio_Winter_Itajai_SC_estudo exemplo.pptx,70,MERCADO,EMPREENDIMENTOS RESIDENCIAIS,ppt/media/image134.png,e7afacf32a8ad53c,1877,3430x1818,True,False
Vocacional_Horizontal(Av. Itaipava)_Elio_Winter_Itajai_SC_estudo exemplo.pptx,72,MERCADO,EMPREENDIMENTOS Até 10 min,ppt/media/image135.png,a588481e79601298,2220,3430x1818,True,False
Vocacional_Horizontal(Av. Itaipava)_Elio_Winter_Itajai_SC_estudo exemplo.pptx,73,,CONCORRENTES,ppt/media/image136.png,e813cff631d66311,71,3203x505,False,False
Vocacional_Horizontal(Av. Itaipava)_Elio_Winter_Itajai_SC_estudo exemplo.pptx,74,,CONCORRENTES,ppt/media/image137.png,c19d37a46b707e95,29,3203x200,False,False
Vocacional_Horizontal(Av. Itaipava)_Elio_Winter_Itajai_SC_estudo exemplo.pptx,76,MERCADO,OFERTA LANÇADA E FINAL POR TIPO,ppt/media/image138.png,05eac1ee041fa234,21,1378x242,True,False
Vocacional_Horizontal(Av. Itaipava)_Elio_Winter_Itajai_SC_estudo exemplo.pptx,77,MERCADO,OFERTA LANÇADA E FINAL POR ANO DE LANÇAMENTO,ppt/media/image139.png,90a6359de6b268dc,21,1020x383,True,False
Vocacional_Horizontal(Av. Itaipava)_Elio_Winter_Itajai_SC_estudo exemplo.pptx,78,MERCADO,OFERTA LANÇADA E FINAL POR ANO DE LANÇAMENTO,ppt/media/image140.png,df6b6933715c36fa,17,1020x383,True,False
Vocacional_Horizontal(Av. Itaipava)_Elio_Winter_Itajai_SC_estudo exemplo.pptx,79,MERCADO,PREÇO POR TIPOLOGIA,ppt/media/image141.png,3a255a124d4a4e1b,11,846x242,True,False
Vocacional_Horizontal(Av. Itaipava)_Elio_Winter_Itajai_SC_estudo exemplo.pptx,80,MERCADO,"MÍNIMO, MÉDIA E MÁXIMO DO PREÇO E METRAGEM PRIVATIVA POR TIP",ppt/media/image142.png,1e46e273c0eb3a78,19,1275x271,True,False
Vocacional_Horizontal(Av. Itaipava)_Elio_Winter_Itajai_SC_estudo exemplo.pptx,82,,"Esse aqui me parece ser um loteamento aberto, mas precisamos",ppt/media/image143.png,81f4692d58279668,147,338x238,False,False
Vocacional_Horizontal(Av. Itaipava)_Elio_Winter_Itajai_SC_estudo exemplo.pptx,83,MERCADO,EMPREENDIMENTOS 20 min,ppt/media/image144.png,99816014d66dc1d0,2404,3430x1818,True,False
Vocacional_Horizontal(Av. Itaipava)_Elio_Winter_Itajai_SC_estudo exemplo.pptx,84,,CONCORRENTES,ppt/media/image145.png,d59dc3d161df6254,37,3203x285,False,False
Vocacional_Horizontal(Av. Itaipava)_Elio_Winter_Itajai_SC_estudo exemplo.pptx,85,,CONCORRENTES,ppt/media/image147.png,2ba7911137eced87,812,1021x521,False,True
Vocacional_Horizontal(Av. Itaipava)_Elio_Winter_Itajai_SC_estudo exemplo.pptx,85,,CONCORRENTES,ppt/media/image146.png,6e8eb967e07e3aa3,75,3203x560,False,True
Vocacional_Horizontal(Av. Itaipava)_Elio_Winter_Itajai_SC_estudo exemplo.pptx,86,,CONCORRENTES,ppt/media/image149.png,b44060a1c3ae3285,80,246x359,False,False
Vocacional_Horizontal(Av. Itaipava)_Elio_Winter_Itajai_SC_estudo exemplo.pptx,86,,CONCORRENTES,ppt/media/image148.png,72d131ccb9788e0d,33,2598x289,False,False
Vocacional_Horizontal(Av. Itaipava)_Elio_Winter_Itajai_SC_estudo exemplo.pptx,87,MERCADO,OFERTA LANÇADA E FINAL POR TIPO,ppt/media/image150.png,411e07e0ac3a8f70,23,1378x242,True,False
Vocacional_Horizontal(Av. Itaipava)_Elio_Winter_Itajai_SC_estudo exemplo.pptx,88,MERCADO,OFERTA LANÇADA E FINAL POR ANO DE LANÇAMENTO,ppt/media/image151.png,9a8bf30198cab396,17,1020x383,True,False
Vocacional_Horizontal(Av. Itaipava)_Elio_Winter_Itajai_SC_estudo exemplo.pptx,89,MERCADO,OFERTA LANÇADA E FINAL POR ANO DE LANÇAMENTO,ppt/media/image152.png,c8d6fab763c7d9b1,23,1020x383,True,False
Vocacional_Horizontal(Av. Itaipava)_Elio_Winter_Itajai_SC_estudo exemplo.pptx,90,MERCADO,OFERTA LANÇADA E FINAL POR ANO DE LANÇAMENTO,ppt/media/image153.png,1398e6ac13e010c9,21,1020x430,True,False
Vocacional_Horizontal(Av. Itaipava)_Elio_Winter_Itajai_SC_estudo exemplo.pptx,91,MERCADO,PREÇO POR TIPOLOGIA,ppt/media/image154.png,069006d9f577d5b5,11,846x242,True,False
Vocacional_Horizontal(Av. Itaipava)_Elio_Winter_Itajai_SC_estudo exemplo.pptx,92,MERCADO,"MÍNIMO, MÉDIA E MÁXIMO DO PREÇO E METRAGEM PRIVATIVA POR TIP",ppt/media/image155.png,f9fb0f9bce0b0792,20,1275x271,True,False
Vocacional_Horizontal(Av. Itaipava)_Elio_Winter_Itajai_SC_estudo exemplo.pptx,94,MERCADO,EMPREENDIMENTOS 30 min,ppt/media/image156.png,f47a59c4431f8c29,1761,3430x1818,True,False
Vocacional_Horizontal(Av. Itaipava)_Elio_Winter_Itajai_SC_estudo exemplo.pptx,95,,CONCORRENTES,ppt/media/image157.png,90c2e2ee1645fd89,91,3203x680,False,True
Vocacional_Horizontal(Av. Itaipava)_Elio_Winter_Itajai_SC_estudo exemplo.pptx,96,,CONCORRENTES,ppt/media/image158.png,95051ce9d300678f,37,2598x290,False,True
Vocacional_Horizontal(Av. Itaipava)_Elio_Winter_Itajai_SC_estudo exemplo.pptx,98,MERCADO,OFERTA LANÇADA E FINAL POR TIPO,ppt/media/image159.png,8ba86c71e84757ff,22,1378x242,True,False
Vocacional_Horizontal(Av. Itaipava)_Elio_Winter_Itajai_SC_estudo exemplo.pptx,99,MERCADO,OFERTA LANÇADA E FINAL POR ANO DE LANÇAMENTO,ppt/media/image160.png,bae1110c196f45a3,21,1020x383,True,False
Vocacional_Horizontal(Av. Itaipava)_Elio_Winter_Itajai_SC_estudo exemplo.pptx,100,MERCADO,OFERTA LANÇADA E FINAL POR ANO DE LANÇAMENTO,ppt/media/image161.png,0cf152c35ddf21a7,18,1020x383,True,False
Vocacional_Horizontal(Av. Itaipava)_Elio_Winter_Itajai_SC_estudo exemplo.pptx,101,MERCADO,PREÇO POR TIPOLOGIA,ppt/media/image162.png,e0837364bb35b08d,11,846x242,True,False
Vocacional_Horizontal(Av. Itaipava)_Elio_Winter_Itajai_SC_estudo exemplo.pptx,102,MERCADO,"MÍNIMO, MÉDIA E MÁXIMO DO PREÇO E METRAGEM PRIVATIVA POR TIP",ppt/media/image163.png,f54b551fc96a75cd,20,1275x271,True,False
Vocacional_Horizontal(Av. Itaipava)_Elio_Winter_Itajai_SC_estudo exemplo.pptx,104,LACUNAS,TABELA DE LACUNAS TIPOLOGIA POR M²,ppt/media/image164.png,e4bfcc2f71a122f1,58,1855x624,True,False
Vocacional_Horizontal(Av. Itaipava)_Elio_Winter_Itajai_SC_estudo exemplo.pptx,105,LACUNAS,TABELA DE LACUNAS TIPOLOGIA POR R$/M²,ppt/media/image165.png,adb919d57adbc90e,65,2751x594,True,False
Vocacional_Horizontal(Av. Itaipava)_Elio_Winter_Itajai_SC_estudo exemplo.pptx,107,,Área de Lazer,ppt/media/image167.svg,c038432233df2724,21,,False,False
Vocacional_Horizontal(Av. Itaipava)_Elio_Winter_Itajai_SC_estudo exemplo.pptx,107,,Área de Lazer,ppt/media/image166.svg,e34884636ce70c2c,1,,False,False
Vocacional_Horizontal(Av. Itaipava)_Elio_Winter_Itajai_SC_estudo exemplo.pptx,108,,Área de Lazer Fiore di Milano,ppt/media/image169.png,136e90319071c1cf,5616,2560x1440,False,False
Vocacional_Horizontal(Av. Itaipava)_Elio_Winter_Itajai_SC_estudo exemplo.pptx,108,,Área de Lazer Fiore di Milano,ppt/media/image168.png,500917e64ac83120,6014,2560x1440,False,False
Vocacional_Horizontal(Av. Itaipava)_Elio_Winter_Itajai_SC_estudo exemplo.pptx,108,,Área de Lazer Fiore di Milano,ppt/media/image171.png,e7ff6374500fc592,1097,1000x563,False,False
Vocacional_Horizontal(Av. Itaipava)_Elio_Winter_Itajai_SC_estudo exemplo.pptx,108,,Área de Lazer Fiore di Milano,ppt/media/image170.png,551c1a00d207cf96,1116,1000x563,False,False
Vocacional_Horizontal(Av. Itaipava)_Elio_Winter_Itajai_SC_estudo exemplo.pptx,109,,Área de LazerGarden Village,ppt/media/image173.png,8f602a952408bfda,1379,1190x670,False,False
Vocacional_Horizontal(Av. Itaipava)_Elio_Winter_Itajai_SC_estudo exemplo.pptx,109,,Área de LazerGarden Village,ppt/media/image172.png,b08a25283718b32d,1452,1193x669,False,False
Vocacional_Horizontal(Av. Itaipava)_Elio_Winter_Itajai_SC_estudo exemplo.pptx,109,,Área de LazerGarden Village,ppt/media/image175.png,204a2681c6b1d9cb,1675,1185x664,False,False
Vocacional_Horizontal(Av. Itaipava)_Elio_Winter_Itajai_SC_estudo exemplo.pptx,109,,Área de LazerGarden Village,ppt/media/image174.png,941e8158dbe38c17,1598,1190x668,False,False
Vocacional_Horizontal(Av. Itaipava)_Elio_Winter_Itajai_SC_estudo exemplo.pptx,110,,Área de Lazer Colinas de Camboriú Village,ppt/media/image177.png,6c47445ab5d7cf41,540,635x359,False,False
Vocacional_Horizontal(Av. Itaipava)_Elio_Winter_Itajai_SC_estudo exemplo.pptx,110,,Área de Lazer Colinas de Camboriú Village,ppt/media/image176.png,ce7bc6e734a81081,559,635x359,False,False
Vocacional_Horizontal(Av. Itaipava)_Elio_Winter_Itajai_SC_estudo exemplo.pptx,110,,Área de Lazer Colinas de Camboriú Village,ppt/media/image179.png,3734f401f03f08db,509,635x359,False,False
Vocacional_Horizontal(Av. Itaipava)_Elio_Winter_Itajai_SC_estudo exemplo.pptx,110,,Área de Lazer Colinas de Camboriú Village,ppt/media/image178.png,d533d1d5f0c55bcb,552,635x359,False,False
Vocacional_Horizontal(Av. Itaipava)_Elio_Winter_Itajai_SC_estudo exemplo.pptx,111,,Área de Lazer Jardim das Acácias Fase 1 e 2,ppt/media/image181.png,4ef34150268c3a17,1988,1330x819,False,False
Vocacional_Horizontal(Av. Itaipava)_Elio_Winter_Itajai_SC_estudo exemplo.pptx,111,,Área de Lazer Jardim das Acácias Fase 1 e 2,ppt/media/image180.png,402d8d2ba537f1ce,1655,1289x815,False,False
Vocacional_Horizontal(Av. Itaipava)_Elio_Winter_Itajai_SC_estudo exemplo.pptx,111,,Área de Lazer Jardim das Acácias Fase 1 e 2,ppt/media/image183.png,13ca12f96bc33f6e,1849,1096x823,False,False
Vocacional_Horizontal(Av. Itaipava)_Elio_Winter_Itajai_SC_estudo exemplo.pptx,111,,Área de Lazer Jardim das Acácias Fase 1 e 2,ppt/media/image182.png,7a0d1a22df95e7c3,2089,1321x825,False,False
Vocacional_Horizontal(Av. Itaipava)_Elio_Winter_Itajai_SC_estudo exemplo.pptx,112,,Área de LazerCondomínio Caledônia Private Village,ppt/media/image185.png,dbf613c12ee5ad50,1914,1280x960,False,False
Vocacional_Horizontal(Av. Itaipava)_Elio_Winter_Itajai_SC_estudo exemplo.pptx,112,,Área de LazerCondomínio Caledônia Private Village,ppt/media/image184.png,40dd24c7b7af8b3d,1736,1280x960,False,False
Vocacional_Horizontal(Av. Itaipava)_Elio_Winter_Itajai_SC_estudo exemplo.pptx,112,,Área de LazerCondomínio Caledônia Private Village,ppt/media/image187.png,d3364fcdd73658ab,2162,1280x1010,False,False
Vocacional_Horizontal(Av. Itaipava)_Elio_Winter_Itajai_SC_estudo exemplo.pptx,112,,Área de LazerCondomínio Caledônia Private Village,ppt/media/image186.png,75f1fcd6c86051d2,1350,1280x939,False,False
Vocacional_Horizontal(Av. Itaipava)_Elio_Winter_Itajai_SC_estudo exemplo.pptx,113,,Área de LazerIlha de Malta,ppt/media/image189.png,45393dd1fbf0bb65,2343,1440x810,False,False
Vocacional_Horizontal(Av. Itaipava)_Elio_Winter_Itajai_SC_estudo exemplo.pptx,113,,Área de LazerIlha de Malta,ppt/media/image188.png,1bf85ae46f5651be,2376,1440x810,False,False
Vocacional_Horizontal(Av. Itaipava)_Elio_Winter_Itajai_SC_estudo exemplo.pptx,113,,Área de LazerIlha de Malta,ppt/media/image191.png,832ec9de8a4e3b4d,1903,1440x810,False,False
Vocacional_Horizontal(Av. Itaipava)_Elio_Winter_Itajai_SC_estudo exemplo.pptx,113,,Área de LazerIlha de Malta,ppt/media/image190.png,5607245d958e9a98,1800,1440x810,False,False
Vocacional_Horizontal(Av. Itaipava)_Elio_Winter_Itajai_SC_estudo exemplo.pptx,115,,CONCORRENTES,ppt/media/image192.png,94a08056ae266b90,987,812x527,False,False
Vocacional_Horizontal(Av. Itaipava)_Elio_Winter_Itajai_SC_estudo exemplo.pptx,115,,CONCORRENTES,ppt/media/image3.png,7b03eb916d161de1,2,206x47,False,False
Vocacional_Horizontal(Av. Itaipava)_Elio_Winter_Itajai_SC_estudo exemplo.pptx,115,,CONCORRENTES,ppt/media/image194.png,2428fff01df388f7,3242,1920x825,False,False
Vocacional_Horizontal(Av. Itaipava)_Elio_Winter_Itajai_SC_estudo exemplo.pptx,115,,CONCORRENTES,ppt/media/image193.png,fa70b2322afb82f5,848,1194x534,False,False
Vocacional_Horizontal(Av. Itaipava)_Elio_Winter_Itajai_SC_estudo exemplo.pptx,116,,CONCORRENTES,ppt/media/image195.png,a08cd8aec69ab12f,3020,900x1600,False,False
Vocacional_Horizontal(Av. Itaipava)_Elio_Winter_Itajai_SC_estudo exemplo.pptx,116,,CONCORRENTES,ppt/media/image3.png,7b03eb916d161de1,2,206x47,False,False
Vocacional_Horizontal(Av. Itaipava)_Elio_Winter_Itajai_SC_estudo exemplo.pptx,116,,CONCORRENTES,ppt/media/image197.png,833d8b24032eb3ca,1832,1329x824,False,False
Vocacional_Horizontal(Av. Itaipava)_Elio_Winter_Itajai_SC_estudo exemplo.pptx,116,,CONCORRENTES,ppt/media/image196.png,f7b933ff959a982c,842,1024x576,False,False
Vocacional_Horizontal(Av. Itaipava)_Elio_Winter_Itajai_SC_estudo exemplo.pptx,117,,CONCORRENTES,ppt/media/image198.png,4c4f287b2a386c3f,1967,1280x960,False,False
Vocacional_Horizontal(Av. Itaipava)_Elio_Winter_Itajai_SC_estudo exemplo.pptx,117,,CONCORRENTES,ppt/media/image3.png,7b03eb916d161de1,2,206x47,False,False
Vocacional_Horizontal(Av. Itaipava)_Elio_Winter_Itajai_SC_estudo exemplo.pptx,117,,CONCORRENTES,ppt/media/image200.png,d4b7cc16ed4f3bc1,2239,1360x765,False,False
Vocacional_Horizontal(Av. Itaipava)_Elio_Winter_Itajai_SC_estudo exemplo.pptx,117,,CONCORRENTES,ppt/media/image199.png,6f53c77883de7012,2631,1439x865,False,False
Vocacional_Horizontal(Av. Itaipava)_Elio_Winter_Itajai_SC_estudo exemplo.pptx,119,MERCADO,Lotes de Revenda | Média por bairros,ppt/media/image201.png,f1ecc718f0c1fbab,318,1372x750,True,False
Vocacional_Horizontal(Av. Itaipava)_Elio_Winter_Itajai_SC_estudo exemplo.pptx,119,MERCADO,Lotes de Revenda | Média por bairros,ppt/media/image3.png,7b03eb916d161de1,2,206x47,True,False
Vocacional_Horizontal(Av. Itaipava)_Elio_Winter_Itajai_SC_estudo exemplo.pptx,120,MERCADO,Lotes de Revenda,ppt/media/image202.png,fca57c64d746207d,39,946x445,True,True
Vocacional_Horizontal(Av. Itaipava)_Elio_Winter_Itajai_SC_estudo exemplo.pptx,120,MERCADO,Lotes de Revenda,ppt/media/image3.png,7b03eb916d161de1,2,206x47,True,True
Vocacional_Horizontal(Av. Itaipava)_Elio_Winter_Itajai_SC_estudo exemplo.pptx,121,MERCADO,Lotes de Revenda,ppt/media/image3.png,7b03eb916d161de1,2,206x47,True,False
Vocacional_Horizontal(Av. Itaipava)_Elio_Winter_Itajai_SC_estudo exemplo.pptx,121,MERCADO,Lotes de Revenda,ppt/media/image203.png,413ceccfc12f2430,38,1362x241,True,False
Vocacional_Horizontal(Av. Itaipava)_Elio_Winter_Itajai_SC_estudo exemplo.pptx,122,MERCADO,Lotes de Revenda,ppt/media/image204.png,f54a1982be894676,31,914x380,True,True
Vocacional_Horizontal(Av. Itaipava)_Elio_Winter_Itajai_SC_estudo exemplo.pptx,122,MERCADO,Lotes de Revenda,ppt/media/image3.png,7b03eb916d161de1,2,206x47,True,True
Vocacional_Horizontal(Av. Itaipava)_Elio_Winter_Itajai_SC_estudo exemplo.pptx,123,MERCADO,Lotes de Revenda,ppt/media/image3.png,7b03eb916d161de1,2,206x47,True,False
Vocacional_Horizontal(Av. Itaipava)_Elio_Winter_Itajai_SC_estudo exemplo.pptx,123,MERCADO,Lotes de Revenda,ppt/media/image205.png,9dd106d7bebec1e7,35,1362x241,True,False
Vocacional_Horizontal(Av. Itaipava)_Elio_Winter_Itajai_SC_estudo exemplo.pptx,125,,LOCALIZAÇÃO DOS LOTES,ppt/media/image206.png,28a4d4ab0c08c65b,306,1337x773,False,False
Vocacional_Horizontal(Av. Itaipava)_Elio_Winter_Itajai_SC_estudo exemplo.pptx,126,MERCADO,Casas de Revenda,ppt/media/image207.png,cea30bb9097b53ca,43,1000x508,True,False
Vocacional_Horizontal(Av. Itaipava)_Elio_Winter_Itajai_SC_estudo exemplo.pptx,126,MERCADO,Casas de Revenda,ppt/media/image3.png,7b03eb916d161de1,2,206x47,True,False
Vocacional_Horizontal(Av. Itaipava)_Elio_Winter_Itajai_SC_estudo exemplo.pptx,126,MERCADO,Casas de Revenda,ppt/media/image208.png,23b425f8eb4be927,25,615x61,True,False
Vocacional_Horizontal(Av. Itaipava)_Elio_Winter_Itajai_SC_estudo exemplo.pptx,127,MERCADO,Casas de Revenda,ppt/media/image209.png,77e548a58153e8a6,36,1362x241,True,False
Vocacional_Horizontal(Av. Itaipava)_Elio_Winter_Itajai_SC_estudo exemplo.pptx,127,MERCADO,Casas de Revenda,ppt/media/image3.png,7b03eb916d161de1,2,206x47,True,False
Vocacional_Horizontal(Av. Itaipava)_Elio_Winter_Itajai_SC_estudo exemplo.pptx,128,MERCADO,FUTUROS LANÇAMENTOS,ppt/media/image3.png,7b03eb916d161de1,2,206x47,True,False
Vocacional_Horizontal(Av. Itaipava)_Elio_Winter_Itajai_SC_estudo exemplo.pptx,128,MERCADO,FUTUROS LANÇAMENTOS,ppt/media/image4.png,1d19746158f47a21,10,465x465,True,False
Vocacional_Horizontal(Av. Itaipava)_Elio_Winter_Itajai_SC_estudo exemplo.pptx,129,,LOCALIZAÇÃO,ppt/media/image210.png,0e4ca223ca5f80b2,940,1684x936,False,False
Vocacional_Horizontal(Av. Itaipava)_Elio_Winter_Itajai_SC_estudo exemplo.pptx,131,,ESGOTADOS,ppt/media/image3.png,7b03eb916d161de1,2,206x47,False,False
Vocacional_Horizontal(Av. Itaipava)_Elio_Winter_Itajai_SC_estudo exemplo.pptx,131,,ESGOTADOS,ppt/media/image4.png,1d19746158f47a21,10,465x465,False,False
Vocacional_Horizontal(Av. Itaipava)_Elio_Winter_Itajai_SC_estudo exemplo.pptx,132,,LOCALIZAÇÃO,ppt/media/image211.png,7f739f1aecc9a3de,955,1693x936,False,False
Vocacional_Horizontal(Av. Itaipava)_Elio_Winter_Itajai_SC_estudo exemplo.pptx,133,MERCADO,OFERTA LANÇADA POR PADRÃO,ppt/media/image212.png,617cac1542fabf8f,12,709x232,True,False
Vocacional_Horizontal(Av. Itaipava)_Elio_Winter_Itajai_SC_estudo exemplo.pptx,134,MERCADO,OFERTA LANÇADA POR ANO DE LANÇAMENTO,ppt/media/image213.png,c829696cc34338f6,19,610x512,True,False
Vocacional_Horizontal(Av. Itaipava)_Elio_Winter_Itajai_SC_estudo exemplo.pptx,135,MERCADO,"MÍNIMO, MÉDIA E MÁXIMO DA METRAGEM PRIVATIVA POR TIPOLOGIA",ppt/media/image214.png,e57ab329d26e7f6d,12,538x271,True,False
Vocacional_Horizontal(Av. Itaipava)_Elio_Winter_Itajai_SC_estudo exemplo.pptx,136,,AVALIAÇÃO DA CONSULTORIA,ppt/media/image55.png,d337997499b707f7,1487,1920x1080,False,False
Vocacional_Horizontal(Av. Itaipava)_Elio_Winter_Itajai_SC_estudo exemplo.pptx,136,,AVALIAÇÃO DA CONSULTORIA,ppt/media/image56.svg,681286beb87e4bc7,0,,False,False
Vocacional_Horizontal(Av. Itaipava)_Elio_Winter_Itajai_SC_estudo exemplo.pptx,137,,Avaliações Gerais,ppt/media/image3.png,7b03eb916d161de1,2,206x47,False,False
Vocacional_Horizontal(Av. Itaipava)_Elio_Winter_Itajai_SC_estudo exemplo.pptx,137,,Avaliações Gerais,ppt/media/image4.png,1d19746158f47a21,10,465x465,False,False
Vocacional_Horizontal(Av. Itaipava)_Elio_Winter_Itajai_SC_estudo exemplo.pptx,138,CONCLUSAO,Recomendações,ppt/media/image3.png,7b03eb916d161de1,2,206x47,False,False
Vocacional_Horizontal(Av. Itaipava)_Elio_Winter_Itajai_SC_estudo exemplo.pptx,138,CONCLUSAO,Recomendações,ppt/media/image4.png,1d19746158f47a21,10,465x465,False,False
Vocacional_Horizontal(Av. Itaipava)_Elio_Winter_Itajai_SC_estudo exemplo.pptx,139,,CONSULTORES DO ESTUDO,ppt/media/image55.png,d337997499b707f7,1487,1920x1080,False,False
Vocacional_Horizontal(Av. Itaipava)_Elio_Winter_Itajai_SC_estudo exemplo.pptx,139,,CONSULTORES DO ESTUDO,ppt/media/image56.svg,681286beb87e4bc7,0,,False,False
Vocacional_Horizontal(Av. Itaipava)_Elio_Winter_Itajai_SC_estudo exemplo.pptx,140,,Fábio Tadeu Araújo,ppt/media/image216.png,d449653a2201fec6,337,432x432,False,False
Vocacional_Horizontal(Av. Itaipava)_Elio_Winter_Itajai_SC_estudo exemplo.pptx,140,,Fábio Tadeu Araújo,ppt/media/image220.png,44e762f04efba2a5,1345,1133x1450,False,False
Vocacional_Horizontal(Av. Itaipava)_Elio_Winter_Itajai_SC_estudo exemplo.pptx,140,,Fábio Tadeu Araújo,ppt/media/image215.png,24519bbe69b65910,33,1920x1080,False,False
Vocacional_Horizontal(Av. Itaipava)_Elio_Winter_Itajai_SC_estudo exemplo.pptx,140,,Fábio Tadeu Araújo,ppt/media/image219.png,93aaabb8cdfdd5de,108,330x421,False,False
Vocacional_Horizontal(Av. Itaipava)_Elio_Winter_Itajai_SC_estudo exemplo.pptx,140,,Fábio Tadeu Araújo,ppt/media/image218.png,6c72f1a173e7b245,324,432x432,False,False
Vocacional_Horizontal(Av. Itaipava)_Elio_Winter_Itajai_SC_estudo exemplo.pptx,140,,Fábio Tadeu Araújo,ppt/media/image217.png,d2379cdda8690042,286,432x432,False,False
Vocacional_Horizontal(Av. Itaipava)_Elio_Winter_Itajai_SC_estudo exemplo.pptx,141,,(sem título),ppt/media/image221.jpg,1ea11586316ddaa9,760,1920x1080,False,False
Vocacional_Horizontal(Av. Itaipava)_Elio_Winter_Itajai_SC_estudo exemplo.pptx,142,,(sem título),ppt/media/image222.jpg,c2b54ec85edceb10,1134,1920x1080,False,False
Vocacional_Horizontal(Av. Itaipava)_Elio_Winter_Itajai_SC_estudo exemplo.pptx,143,,(sem título),ppt/media/image223.png,f079b9c658bdd81d,462,1920x1080,False,False
Vocacional_Marka Prime_Tancredo_Sao Paulo - SP_estudo exemplo.pptx,1,,Vocacional Vertical,ppt/media/image30.png,db7a069a2ec123c2,23,518x390,False,False
Vocacional_Marka Prime_Tancredo_Sao Paulo - SP_estudo exemplo.pptx,1,,Vocacional Vertical,ppt/media/image29.png,1faec6652a5a8ceb,1578,1920x1080,False,False
Vocacional_Marka Prime_Tancredo_Sao Paulo - SP_estudo exemplo.pptx,2,,(sem título),ppt/media/image31.jpg,3f9c9a3b4962827c,123,1920x1080,False,False
Vocacional_Marka Prime_Tancredo_Sao Paulo - SP_estudo exemplo.pptx,3,,(sem título),ppt/media/image32.jpg,6f876c876eb23652,168,1920x1080,False,False
Vocacional_Marka Prime_Tancredo_Sao Paulo - SP_estudo exemplo.pptx,4,,(sem título),ppt/media/image33.jpg,8ff6ffcb0bb7d8c2,139,1920x1080,False,False
Vocacional_Marka Prime_Tancredo_Sao Paulo - SP_estudo exemplo.pptx,5,,(sem título),ppt/media/image34.jpg,e2921e5fa3704208,144,1920x1080,False,False
Vocacional_Marka Prime_Tancredo_Sao Paulo - SP_estudo exemplo.pptx,6,,(sem título),ppt/media/image35.jpg,bcc09ecd69ec34d7,141,1920x1080,False,False
Vocacional_Marka Prime_Tancredo_Sao Paulo - SP_estudo exemplo.pptx,7,,(sem título),ppt/media/image36.jpg,25da5c8bf2a3fbf9,153,1920x1080,False,False
Vocacional_Marka Prime_Tancredo_Sao Paulo - SP_estudo exemplo.pptx,8,,(sem título),ppt/media/image37.jpg,387d7af753f6d60b,196,1920x1080,False,False
Vocacional_Marka Prime_Tancredo_Sao Paulo - SP_estudo exemplo.pptx,9,,São Paulo/SP,ppt/media/image39.png,cbf95ad1e365f36a,4,187x34,False,False
Vocacional_Marka Prime_Tancredo_Sao Paulo - SP_estudo exemplo.pptx,9,,São Paulo/SP,ppt/media/image38.png,3039539490e4f22c,888,1920x1080,False,False
Vocacional_Marka Prime_Tancredo_Sao Paulo - SP_estudo exemplo.pptx,11,,OBJETIVOS E METODOLOGIA,ppt/media/image40.png,be95bfe845024511,1190,1920x1080,False,False
Vocacional_Marka Prime_Tancredo_Sao Paulo - SP_estudo exemplo.pptx,11,,OBJETIVOS E METODOLOGIA,ppt/media/image41.svg,47f89d8aa282142b,0,,False,False
Vocacional_Marka Prime_Tancredo_Sao Paulo - SP_estudo exemplo.pptx,12,,OBJETIVOS DO ESTUDO,ppt/media/image47.png,12bcd4fd612f192b,3,297x297,False,False
Vocacional_Marka Prime_Tancredo_Sao Paulo - SP_estudo exemplo.pptx,12,,OBJETIVOS DO ESTUDO,ppt/media/image42.png,789f4922a6be48cc,3,406x406,False,False
Vocacional_Marka Prime_Tancredo_Sao Paulo - SP_estudo exemplo.pptx,12,,OBJETIVOS DO ESTUDO,ppt/media/image46.png,a2452f4e41e4265e,4,321x321,False,False
Vocacional_Marka Prime_Tancredo_Sao Paulo - SP_estudo exemplo.pptx,12,,OBJETIVOS DO ESTUDO,ppt/media/image45.png,b32316286885e3ab,3,404x403,False,False
Vocacional_Marka Prime_Tancredo_Sao Paulo - SP_estudo exemplo.pptx,12,,OBJETIVOS DO ESTUDO,ppt/media/image44.png,901d2f6ce651e7b2,8,262x262,False,False
Vocacional_Marka Prime_Tancredo_Sao Paulo - SP_estudo exemplo.pptx,12,,OBJETIVOS DO ESTUDO,ppt/media/image49.png,f8bc4f7f12920612,1,143x143,False,False
Vocacional_Marka Prime_Tancredo_Sao Paulo - SP_estudo exemplo.pptx,12,,OBJETIVOS DO ESTUDO,ppt/media/image43.png,9cc6177e178879ee,10,385x384,False,False
Vocacional_Marka Prime_Tancredo_Sao Paulo - SP_estudo exemplo.pptx,12,,OBJETIVOS DO ESTUDO,ppt/media/image48.png,f61a0ec12c5dc6e8,9,294x294,False,False
Vocacional_Marka Prime_Tancredo_Sao Paulo - SP_estudo exemplo.pptx,13,,METODOLOGIA,ppt/media/image55.png,868236af57007335,2,289x289,False,False
Vocacional_Marka Prime_Tancredo_Sao Paulo - SP_estudo exemplo.pptx,13,,METODOLOGIA,ppt/media/image50.png,62a354bdabfbd52a,2,292x292,False,False
Vocacional_Marka Prime_Tancredo_Sao Paulo - SP_estudo exemplo.pptx,13,,METODOLOGIA,ppt/media/image54.png,02a90a69295923ca,4,179x179,False,False
Vocacional_Marka Prime_Tancredo_Sao Paulo - SP_estudo exemplo.pptx,13,,METODOLOGIA,ppt/media/image53.png,bece0148a2db310b,4,202x202,False,False
Vocacional_Marka Prime_Tancredo_Sao Paulo - SP_estudo exemplo.pptx,13,,METODOLOGIA,ppt/media/image52.png,eb598d2407b242fc,2,288x288,False,False
Vocacional_Marka Prime_Tancredo_Sao Paulo - SP_estudo exemplo.pptx,13,,METODOLOGIA,ppt/media/image51.png,0eb9fd335a92df86,5,261x261,False,False
Vocacional_Marka Prime_Tancredo_Sao Paulo - SP_estudo exemplo.pptx,13,,METODOLOGIA,ppt/media/image56.png,8610886f2e9f61d9,3,127x127,False,False
Vocacional_Marka Prime_Tancredo_Sao Paulo - SP_estudo exemplo.pptx,14,IDENTIFICACAO,IDENTIFICAÇÃO DO TERRENO,ppt/media/image40.png,be95bfe845024511,1190,1920x1080,False,False
Vocacional_Marka Prime_Tancredo_Sao Paulo - SP_estudo exemplo.pptx,14,IDENTIFICACAO,IDENTIFICAÇÃO DO TERRENO,ppt/media/image41.svg,47f89d8aa282142b,0,,False,False
Vocacional_Marka Prime_Tancredo_Sao Paulo - SP_estudo exemplo.pptx,16,IDENTIFICACAO,TERRENO,ppt/media/image57.png,b5ff5f2c7c67845e,2843,1647x699,False,False
Vocacional_Marka Prime_Tancredo_Sao Paulo - SP_estudo exemplo.pptx,17,IDENTIFICACAO,ENTORNO DO TERRENO,ppt/media/image58.jpeg,0c69fb5b000c40d2,252,1321x743,False,False
Vocacional_Marka Prime_Tancredo_Sao Paulo - SP_estudo exemplo.pptx,18,IDENTIFICACAO,ENTORNO DO TERRENO,ppt/media/image59.jpeg,460c9bc0263d2304,272,1336x751,False,False
Vocacional_Marka Prime_Tancredo_Sao Paulo - SP_estudo exemplo.pptx,19,ENTORNO,"Kenuy, precisamos aprimorar o entorno, identificar pontos de",ppt/media/image60.png,06bb2e5de3602834,3919,1854x887,False,False
Vocacional_Marka Prime_Tancredo_Sao Paulo - SP_estudo exemplo.pptx,20,ENTORNO,"Segue um exemplo de entorno para você seguir como modelo, es",ppt/media/image61.png,38b009c1ccb800a4,1415,1055x605,False,False
Vocacional_Marka Prime_Tancredo_Sao Paulo - SP_estudo exemplo.pptx,21,,DISTÂNCIA ATÉ O CENTRO SP,ppt/media/image63.svg,9100088c533619b7,1,,False,False
Vocacional_Marka Prime_Tancredo_Sao Paulo - SP_estudo exemplo.pptx,21,,DISTÂNCIA ATÉ O CENTRO SP,ppt/media/image62.jpeg,6c8c7f5d122ddc2e,637,1248x701,False,False
Vocacional_Marka Prime_Tancredo_Sao Paulo - SP_estudo exemplo.pptx,22,,DISTÂNCIA ATÉ O CENTRO Guarulhos,ppt/media/image63.svg,9100088c533619b7,1,,False,False
Vocacional_Marka Prime_Tancredo_Sao Paulo - SP_estudo exemplo.pptx,22,,DISTÂNCIA ATÉ O CENTRO Guarulhos,ppt/media/image64.jpeg,09b7235b6c624cae,586,1236x695,False,False
Vocacional_Marka Prime_Tancredo_Sao Paulo - SP_estudo exemplo.pptx,23,,VIAS DE ACESSO,ppt/media/image65.jpeg,4f7f7c3924758f3c,421,1198x674,False,False
Vocacional_Marka Prime_Tancredo_Sao Paulo - SP_estudo exemplo.pptx,26,,DETERMINAÇÃO DA,ppt/media/image40.png,be95bfe845024511,1190,1920x1080,False,False
Vocacional_Marka Prime_Tancredo_Sao Paulo - SP_estudo exemplo.pptx,26,,DETERMINAÇÃO DA,ppt/media/image41.svg,47f89d8aa282142b,0,,False,False
Vocacional_Marka Prime_Tancredo_Sao Paulo - SP_estudo exemplo.pptx,27,IDENTIFICACAO,A Zona de Influência (região de interesse) é determinada pel,ppt/media/image66.png,ec3626f6f7d07ae6,4019,2935x1651,False,True
Vocacional_Marka Prime_Tancredo_Sao Paulo - SP_estudo exemplo.pptx,28,IDENTIFICACAO,DETERMINAÇÃO DA Z.I.,ppt/media/image67.png,f966de7ba72489ac,4345,2935x1651,False,True
Vocacional_Marka Prime_Tancredo_Sao Paulo - SP_estudo exemplo.pptx,29,SOCIO,SOCIODEMOGRAFIA,ppt/media/image40.png,be95bfe845024511,1190,1920x1080,True,False
Vocacional_Marka Prime_Tancredo_Sao Paulo - SP_estudo exemplo.pptx,29,SOCIO,SOCIODEMOGRAFIA,ppt/media/image41.svg,47f89d8aa282142b,0,,True,False
Vocacional_Marka Prime_Tancredo_Sao Paulo - SP_estudo exemplo.pptx,31,SOCIO,POPULAÇÃO,ppt/media/image68.png,975136160b039ce4,9,853x201,True,False
Vocacional_Marka Prime_Tancredo_Sao Paulo - SP_estudo exemplo.pptx,32,SOCIO,CRESCIMENTO ANUAL DA POPULAÇÃO ATÉ 2031,ppt/media/image69.png,a25579ee3b821a5f,9,597x361,True,False
Vocacional_Marka Prime_Tancredo_Sao Paulo - SP_estudo exemplo.pptx,33,,PROJEÇÃO DO AUMENTO POPULACIONAL ATÉ 2031,ppt/media/image70.png,70c988e8aa21c8e2,8,597x281,False,False
Vocacional_Marka Prime_Tancredo_Sao Paulo - SP_estudo exemplo.pptx,34,SOCIO,DOMICÍLIOS,ppt/media/image71.png,c9e6355898ba50d0,8,853x201,True,False
Vocacional_Marka Prime_Tancredo_Sao Paulo - SP_estudo exemplo.pptx,35,SOCIO,CRESCIMENTO ANUAL DOS DOMICÍLIOS ATÉ 2031,ppt/media/image72.png,4b52a675388bada0,9,597x361,True,False
Vocacional_Marka Prime_Tancredo_Sao Paulo - SP_estudo exemplo.pptx,36,,PROJEÇÃO DO AUMENTO DOMICILIAR ATÉ 2031,ppt/media/image73.png,f55e4a82ea2bd4ac,8,597x281,False,False
Vocacional_Marka Prime_Tancredo_Sao Paulo - SP_estudo exemplo.pptx,37,SOCIO,DADOS SOCIODEMOGRÁFICOS,ppt/media/image2.png,7b03eb916d161de1,2,206x47,True,False
Vocacional_Marka Prime_Tancredo_Sao Paulo - SP_estudo exemplo.pptx,38,SOCIO,POPULAÇÃO POR FAIXA ETÁRIA,ppt/media/image74.png,244dfc5e11549dee,38,1087x361,True,False
Vocacional_Marka Prime_Tancredo_Sao Paulo - SP_estudo exemplo.pptx,39,,DENSIDADE DEMOGRÁFICA,ppt/media/image75.png,3832af8e7839971d,4793,2935x1651,False,False
Vocacional_Marka Prime_Tancredo_Sao Paulo - SP_estudo exemplo.pptx,40,,DENSIDADE DEMOGRÁFICA,ppt/media/image76.png,1bf85c4f2dd1c718,4871,2935x1651,False,False
Vocacional_Marka Prime_Tancredo_Sao Paulo - SP_estudo exemplo.pptx,41,SOCIO,DOMICÍLIOS POR FAIXA DE RENDA,ppt/media/image77.png,8af33e7a097203a5,56,1227x604,True,True
Vocacional_Marka Prime_Tancredo_Sao Paulo - SP_estudo exemplo.pptx,41,SOCIO,DOMICÍLIOS POR FAIXA DE RENDA,ppt/media/image78.png,7aaf4e6a39358219,304,1371x590,True,True
Vocacional_Marka Prime_Tancredo_Sao Paulo - SP_estudo exemplo.pptx,42,SOCIO,RENDA DOMICILIAR,ppt/media/image79.png,84cdde5fc692e0e6,4550,2935x1651,True,False
Vocacional_Marka Prime_Tancredo_Sao Paulo - SP_estudo exemplo.pptx,43,SOCIO,RENDA DOMICILIAR,ppt/media/image80.png,8cb1fe577ff46bfc,4528,2935x1651,True,False
Vocacional_Marka Prime_Tancredo_Sao Paulo - SP_estudo exemplo.pptx,44,SOCIO,DOMICÍLIOS POR NÚMERO DE MORADORES,ppt/media/image81.png,05cb96b6514c4dc9,35,1053x321,True,False
Vocacional_Marka Prime_Tancredo_Sao Paulo - SP_estudo exemplo.pptx,45,SOCIO,DOMICÍLIOS POR NÚMERO DE MORADORES,ppt/media/image82.svg,4805cbe09d29d20c,50,,True,False
Vocacional_Marka Prime_Tancredo_Sao Paulo - SP_estudo exemplo.pptx,46,SOCIO,DOMICÍLIOS POR TIPO,ppt/media/image83.png,075521216bfaae78,18,1080x201,True,False
Vocacional_Marka Prime_Tancredo_Sao Paulo - SP_estudo exemplo.pptx,47,SOCIO,DOMICÍLIOS POR TIPO,ppt/media/image84.svg,da06d7bf058ea9d5,12,,True,False
Vocacional_Marka Prime_Tancredo_Sao Paulo - SP_estudo exemplo.pptx,48,,ÍNDICE DE VERTICALIZAÇÃO,ppt/media/image85.png,1325c9f6238ab4bb,4705,2935x1651,False,False
Vocacional_Marka Prime_Tancredo_Sao Paulo - SP_estudo exemplo.pptx,49,,ÍNDICE DE VERTICALIZAÇÃO,ppt/media/image86.png,2fd49f7ff866f133,4778,2935x1651,False,False
Vocacional_Marka Prime_Tancredo_Sao Paulo - SP_estudo exemplo.pptx,50,SOCIO,DOMICÍLIOS POR CONDIÇÃO DE OCUPAÇÃO,ppt/media/image87.png,356fe274dc50ae1c,21,1046x241,True,False
Vocacional_Marka Prime_Tancredo_Sao Paulo - SP_estudo exemplo.pptx,51,SOCIO,DOMICÍLIOS POR CONDIÇÃO DE OCUPAÇÃO,ppt/media/image88.svg,fba9b278feda2203,34,,True,False
Vocacional_Marka Prime_Tancredo_Sao Paulo - SP_estudo exemplo.pptx,52,,ÍNDICE DE PROPRIEDADE,ppt/media/image89.png,72b20a011f80e9b2,4091,2935x1651,False,False
Vocacional_Marka Prime_Tancredo_Sao Paulo - SP_estudo exemplo.pptx,53,,ÍNDICE DE PROPRIEDADE,ppt/media/image90.png,c4cfd8dc9eb3572b,3915,2935x1651,False,False
Vocacional_Marka Prime_Tancredo_Sao Paulo - SP_estudo exemplo.pptx,54,SOCIO,CRESCIMENTO VEGETATIVO POR FAIXA DE RENDA,ppt/media/image2.png,7b03eb916d161de1,2,206x47,True,False
Vocacional_Marka Prime_Tancredo_Sao Paulo - SP_estudo exemplo.pptx,55,SOCIO,PROJEÇÃO DA DEMANDA VEGETATIVA DE DOMICÍLIOS – Até 15 min,ppt/media/image91.png,0e8e655aeeeee55d,55,1650x583,True,False
Vocacional_Marka Prime_Tancredo_Sao Paulo - SP_estudo exemplo.pptx,57,ABSORCAO,ABSORÇÃO DE DOMICÍLIOS,ppt/media/image92.png,bd33b650b179de78,169,1739x978,True,False
Vocacional_Marka Prime_Tancredo_Sao Paulo - SP_estudo exemplo.pptx,58,ABSORCAO,ABSORÇÃO RESIDENCIAL – ATÉ 15 min,ppt/media/image94.png,370b8ab60848822a,20,636x281,True,False
Vocacional_Marka Prime_Tancredo_Sao Paulo - SP_estudo exemplo.pptx,58,ABSORCAO,ABSORÇÃO RESIDENCIAL – ATÉ 15 min,ppt/media/image93.png,8741e9cb02e1c17f,29,635x281,True,False
Vocacional_Marka Prime_Tancredo_Sao Paulo - SP_estudo exemplo.pptx,58,ABSORCAO,ABSORÇÃO RESIDENCIAL – ATÉ 15 min,ppt/media/image95.png,19e1fa7bb4461142,22,636x281,True,False
Vocacional_Marka Prime_Tancredo_Sao Paulo - SP_estudo exemplo.pptx,59,ABSORCAO,ABSORÇÃO TOTAL: ATÉ 15 min,ppt/media/image96.png,73d84895b4002d21,23,932x608,True,False
Vocacional_Marka Prime_Tancredo_Sao Paulo - SP_estudo exemplo.pptx,60,ABSORCAO,ABSORÇÃO DE LANÇAMENTOS: ATÉ 15 min          MÉDIA ANUAL DE ,ppt/media/image97.png,605bcc1986ba31d7,26,1269x608,True,False
Vocacional_Marka Prime_Tancredo_Sao Paulo - SP_estudo exemplo.pptx,62,,Renda Utilizada para o Financiamento,ppt/media/image98.png,f0b3fea0a2b3b8d6,39,1487x393,False,False
Vocacional_Marka Prime_Tancredo_Sao Paulo - SP_estudo exemplo.pptx,63,,Configuração dos Apartamentos,ppt/media/image99.png,7d0fdcd87f8794ec,38,2053x522,False,False
Vocacional_Marka Prime_Tancredo_Sao Paulo - SP_estudo exemplo.pptx,64,,Configuração dos Apartamentos,ppt/media/image100.png,cc1ae6e14dc6830f,39,2053x522,False,False
Vocacional_Marka Prime_Tancredo_Sao Paulo - SP_estudo exemplo.pptx,66,,Pontos de comércio e serviços,ppt/media/image2.png,7b03eb916d161de1,2,206x47,False,False
Vocacional_Marka Prime_Tancredo_Sao Paulo - SP_estudo exemplo.pptx,66,,Pontos de comércio e serviços,ppt/media/image101.png,319e46b2fbf08a32,36,974x392,False,False
Vocacional_Marka Prime_Tancredo_Sao Paulo - SP_estudo exemplo.pptx,67,,PONTOS DE COMÉRCIO E SERVIÇOS,ppt/media/image103.png,c640e54c2f140fe5,25,279x648,False,False
Vocacional_Marka Prime_Tancredo_Sao Paulo - SP_estudo exemplo.pptx,67,,PONTOS DE COMÉRCIO E SERVIÇOS,ppt/media/image102.jpeg,c43c6de48bb6b7fa,453,1294x728,False,False
Vocacional_Marka Prime_Tancredo_Sao Paulo - SP_estudo exemplo.pptx,68,MERCADO,ANÁLISE DO MERCADO RESIDENCIAL VERTICAL,ppt/media/image40.png,be95bfe845024511,1190,1920x1080,True,False
Vocacional_Marka Prime_Tancredo_Sao Paulo - SP_estudo exemplo.pptx,68,MERCADO,ANÁLISE DO MERCADO RESIDENCIAL VERTICAL,ppt/media/image41.svg,47f89d8aa282142b,0,,True,False
Vocacional_Marka Prime_Tancredo_Sao Paulo - SP_estudo exemplo.pptx,69,MERCADO,LOCALIZAÇÃO DOS EMPREENDIMENTOS,ppt/media/image2.png,7b03eb916d161de1,2,206x47,True,False
Vocacional_Marka Prime_Tancredo_Sao Paulo - SP_estudo exemplo.pptx,70,MERCADO,LOCALIZAÇÃO DOS EMPREENDIMENTOS,ppt/media/image104.png,d33d12480a57b06c,4566,2937x1651,True,False
Vocacional_Marka Prime_Tancredo_Sao Paulo - SP_estudo exemplo.pptx,70,MERCADO,LOCALIZAÇÃO DOS EMPREENDIMENTOS,ppt/media/image106.png,b53aaf40439438de,9,206x261,True,False
Vocacional_Marka Prime_Tancredo_Sao Paulo - SP_estudo exemplo.pptx,70,MERCADO,LOCALIZAÇÃO DOS EMPREENDIMENTOS,ppt/media/image105.png,ada2d7856fb4257a,21,245x610,True,False
Vocacional_Marka Prime_Tancredo_Sao Paulo - SP_estudo exemplo.pptx,71,MERCADO,LOCALIZAÇÃO DOS EMPREENDIMENTOS - Metragem,ppt/media/image107.png,0dd7c116e974662b,4582,2935x1651,True,False
Vocacional_Marka Prime_Tancredo_Sao Paulo - SP_estudo exemplo.pptx,71,MERCADO,LOCALIZAÇÃO DOS EMPREENDIMENTOS - Metragem,ppt/media/image109.png,f12f7b257afd2a47,4,158x115,True,False
Vocacional_Marka Prime_Tancredo_Sao Paulo - SP_estudo exemplo.pptx,71,MERCADO,LOCALIZAÇÃO DOS EMPREENDIMENTOS - Metragem,ppt/media/image108.png,1899a920655ed42c,0,1x1,True,False
Vocacional_Marka Prime_Tancredo_Sao Paulo - SP_estudo exemplo.pptx,72,MERCADO,LOCALIZAÇÃO DOS EMPREENDIMENTOS – R$/m²,ppt/media/image110.png,4e3a8743e1c22473,4527,2937x1651,True,False
Vocacional_Marka Prime_Tancredo_Sao Paulo - SP_estudo exemplo.pptx,72,MERCADO,LOCALIZAÇÃO DOS EMPREENDIMENTOS – R$/m²,ppt/media/image111.png,184eed4cf40e5215,6,195x120,True,False
Vocacional_Marka Prime_Tancredo_Sao Paulo - SP_estudo exemplo.pptx,73,MERCADO,LOCALIZAÇÃO DOS EMPREENDIMENTOS – Oferta Final,ppt/media/image112.png,cd15d63f1cc527e1,4601,2937x1651,True,False
Vocacional_Marka Prime_Tancredo_Sao Paulo - SP_estudo exemplo.pptx,73,MERCADO,LOCALIZAÇÃO DOS EMPREENDIMENTOS – Oferta Final,ppt/media/image113.png,ed29fd91af091cc9,6,151x174,True,False
Vocacional_Marka Prime_Tancredo_Sao Paulo - SP_estudo exemplo.pptx,74,MERCADO,EMPREENDIMENTOS,ppt/media/image114.png,89bfd8ac9aa34a8a,128,2093x709,True,False
Vocacional_Marka Prime_Tancredo_Sao Paulo - SP_estudo exemplo.pptx,75,MERCADO,EMPREENDIMENTOS,ppt/media/image115.png,735a1ded0c0d6e81,156,2093x809,True,False
Vocacional_Marka Prime_Tancredo_Sao Paulo - SP_estudo exemplo.pptx,76,MERCADO,EMPREENDIMENTOS,ppt/media/image117.png,c763bac4e0ecea26,455,1072x756,True,True
Vocacional_Marka Prime_Tancredo_Sao Paulo - SP_estudo exemplo.pptx,76,MERCADO,EMPREENDIMENTOS,ppt/media/image116.png,fcb19a633d94ca5a,234,2093x1125,True,True
Vocacional_Marka Prime_Tancredo_Sao Paulo - SP_estudo exemplo.pptx,77,MERCADO,OFERTA LANÇADA E FINAL POR PADRÃO,ppt/media/image118.png,0ec9cd4da5388d73,33,1027x330,True,False
Vocacional_Marka Prime_Tancredo_Sao Paulo - SP_estudo exemplo.pptx,77,MERCADO,OFERTA LANÇADA E FINAL POR PADRÃO,ppt/media/image2.png,7b03eb916d161de1,2,206x47,True,False
Vocacional_Marka Prime_Tancredo_Sao Paulo - SP_estudo exemplo.pptx,78,MERCADO,OFERTA LANÇADA E FINAL POR PADRÃO,ppt/media/image119.svg,384ea583040e3dc6,15,,True,False
Vocacional_Marka Prime_Tancredo_Sao Paulo - SP_estudo exemplo.pptx,79,MERCADO,OFERTA LANÇADA E FINAL POR ANO DE LANÇAMENTO,ppt/media/image120.png,b436b2ae93af4968,27,834x338,True,False
Vocacional_Marka Prime_Tancredo_Sao Paulo - SP_estudo exemplo.pptx,80,MERCADO,OFERTA LANÇADA E FINAL POR TIPOLOGIA,ppt/media/image121.png,fb98dc11c5b09215,16,685x227,True,False
Vocacional_Marka Prime_Tancredo_Sao Paulo - SP_estudo exemplo.pptx,81,MERCADO,OFERTA LANÇADA E FINAL POR TIPOLOGIA,ppt/media/image122.svg,dc21e887a265d04c,9,,True,False
Vocacional_Marka Prime_Tancredo_Sao Paulo - SP_estudo exemplo.pptx,82,MERCADO,PREÇO E ÁREA MÉDIA POR TIPOLOGIA,ppt/media/image123.png,ef1bc11774ada17a,10,576x217,True,False
Vocacional_Marka Prime_Tancredo_Sao Paulo - SP_estudo exemplo.pptx,83,MERCADO,PREÇO DO METRO² PRIVATIVO POR TIPOLOGIA,ppt/media/image124.svg,660d3d54fddfde66,9,,True,False
Vocacional_Marka Prime_Tancredo_Sao Paulo - SP_estudo exemplo.pptx,84,,PREÇO E ÁREA MÉDIA POR PADRÃO,ppt/media/image125.png,faef874b122cb1b7,13,576x325,False,False
Vocacional_Marka Prime_Tancredo_Sao Paulo - SP_estudo exemplo.pptx,85,,PREÇO DO METRO² PRIVATIVO POR PADRÃO,ppt/media/image126.svg,6ee53140484bfc61,10,,False,False
Vocacional_Marka Prime_Tancredo_Sao Paulo - SP_estudo exemplo.pptx,86,,"MÍNIMO, MÉDIA E MÁXIMO DO PREÇO E METRAGEM PRIVATIVA POR PAD",ppt/media/image128.png,f9212f3c1cb7486b,28,874x361,False,False
Vocacional_Marka Prime_Tancredo_Sao Paulo - SP_estudo exemplo.pptx,86,,"MÍNIMO, MÉDIA E MÁXIMO DO PREÇO E METRAGEM PRIVATIVA POR PAD",ppt/media/image127.png,1154bf4e955297a2,0,99x40,False,False
Vocacional_Marka Prime_Tancredo_Sao Paulo - SP_estudo exemplo.pptx,87,MERCADO,"MÍNIMO, MÉDIA E MÁXIMO DO PREÇO E METRAGEM PRIVATIVA POR TIP",ppt/media/image129.png,180ccca61abfa48c,21,874x253,True,False
Vocacional_Marka Prime_Tancredo_Sao Paulo - SP_estudo exemplo.pptx,89,LACUNAS,TABELA DE LACUNAS - TIPOLOGIA POR M² |Z.I. TOTAL,ppt/media/image130.png,084660b7ee043f17,48,1353x430,True,False
Vocacional_Marka Prime_Tancredo_Sao Paulo - SP_estudo exemplo.pptx,90,LACUNAS,TABELA DE LACUNAS - TIPOLOGIA POR R$/M² | Z.I. TOTAL,ppt/media/image131.png,887009e54c75da59,51,1530x430,True,False
Vocacional_Marka Prime_Tancredo_Sao Paulo - SP_estudo exemplo.pptx,90,LACUNAS,TABELA DE LACUNAS - TIPOLOGIA POR R$/M² | Z.I. TOTAL,ppt/media/image2.png,7b03eb916d161de1,2,206x47,True,False
Vocacional_Marka Prime_Tancredo_Sao Paulo - SP_estudo exemplo.pptx,91,LACUNAS,TABELA DE LACUNAS - R$/M² POR M² | Z.I. TOTAL,ppt/media/image132.png,45e70050101af10d,88,1472x820,True,False
Vocacional_Marka Prime_Tancredo_Sao Paulo - SP_estudo exemplo.pptx,91,LACUNAS,TABELA DE LACUNAS - R$/M² POR M² | Z.I. TOTAL,ppt/media/image2.png,7b03eb916d161de1,2,206x47,True,False
Vocacional_Marka Prime_Tancredo_Sao Paulo - SP_estudo exemplo.pptx,96,MERCADO,REVENDA - VERTICAL,ppt/media/image134.png,b0b2a94b5d9b0305,1214,1348x868,True,False
Vocacional_Marka Prime_Tancredo_Sao Paulo - SP_estudo exemplo.pptx,96,MERCADO,REVENDA - VERTICAL,ppt/media/image133.png,91b4040fa3a0ffdb,1304,1700x956,True,False
Vocacional_Marka Prime_Tancredo_Sao Paulo - SP_estudo exemplo.pptx,97,MERCADO,REVENDA | TIPOLOGIA,ppt/media/image135.png,6994898c3a5e4157,22,773x252,True,False
Vocacional_Marka Prime_Tancredo_Sao Paulo - SP_estudo exemplo.pptx,97,MERCADO,REVENDA | TIPOLOGIA,ppt/media/image2.png,7b03eb916d161de1,2,206x47,True,False
Vocacional_Marka Prime_Tancredo_Sao Paulo - SP_estudo exemplo.pptx,97,MERCADO,REVENDA | TIPOLOGIA,ppt/media/image134.png,b0b2a94b5d9b0305,1214,1348x868,True,False
Vocacional_Marka Prime_Tancredo_Sao Paulo - SP_estudo exemplo.pptx,98,MERCADO,REVENDA | BAIRROS,ppt/media/image2.png,7b03eb916d161de1,2,206x47,True,False
Vocacional_Marka Prime_Tancredo_Sao Paulo - SP_estudo exemplo.pptx,98,MERCADO,REVENDA | BAIRROS,ppt/media/image136.png,9779f75edc077b2e,68,957x668,True,False
Vocacional_Marka Prime_Tancredo_Sao Paulo - SP_estudo exemplo.pptx,98,MERCADO,REVENDA | BAIRROS,ppt/media/image134.png,b0b2a94b5d9b0305,1214,1348x868,True,False
Vocacional_Marka Prime_Tancredo_Sao Paulo - SP_estudo exemplo.pptx,99,MERCADO,"REVENDA | PREÇO, METRAGEM E R$/M",ppt/media/image137.png,422cd93d17a60dd8,45,1340x241,True,False
Vocacional_Marka Prime_Tancredo_Sao Paulo - SP_estudo exemplo.pptx,99,MERCADO,"REVENDA | PREÇO, METRAGEM E R$/M",ppt/media/image2.png,7b03eb916d161de1,2,206x47,True,False
Vocacional_Marka Prime_Tancredo_Sao Paulo - SP_estudo exemplo.pptx,99,MERCADO,"REVENDA | PREÇO, METRAGEM E R$/M",ppt/media/image134.png,b0b2a94b5d9b0305,1214,1348x868,True,False
Vocacional_Marka Prime_Tancredo_Sao Paulo - SP_estudo exemplo.pptx,101,MERCADO,LOCALIZAÇÃO DOS EMPREENDIMENTOS – Esgotados,ppt/media/image138.jpeg,15e81069fcce8907,430,1245x700,True,False
Vocacional_Marka Prime_Tancredo_Sao Paulo - SP_estudo exemplo.pptx,101,MERCADO,LOCALIZAÇÃO DOS EMPREENDIMENTOS – Esgotados,ppt/media/image139.png,cd649e312698ada9,119,933x562,True,False
Vocacional_Marka Prime_Tancredo_Sao Paulo - SP_estudo exemplo.pptx,101,MERCADO,LOCALIZAÇÃO DOS EMPREENDIMENTOS – Esgotados,ppt/media/image108.png,1899a920655ed42c,0,1x1,True,False
Vocacional_Marka Prime_Tancredo_Sao Paulo - SP_estudo exemplo.pptx,102,MERCADO,OFERTA LANÇADA POR PADRÃO,ppt/media/image140.png,2a055be15384c4ee,16,663x330,True,False
Vocacional_Marka Prime_Tancredo_Sao Paulo - SP_estudo exemplo.pptx,103,MERCADO,OFERTA LANÇADA POR ANO DE LANÇAMENTO,ppt/media/image141.png,ea1264ae94631e1c,9,476x264,True,False
Vocacional_Marka Prime_Tancredo_Sao Paulo - SP_estudo exemplo.pptx,104,MERCADO,OFERTA LANÇADA POR TIPOLOGIA,ppt/media/image142.png,35f00cf564063aa7,6,322x227,True,False
Vocacional_Marka Prime_Tancredo_Sao Paulo - SP_estudo exemplo.pptx,105,MERCADO,"MÍNIMO, MÉDIA E MÁXIMO DA METRAGEM PRIVATIVA POR TIPOLOGIA",ppt/media/image143.png,467b8c0ae6de6479,8,419x253,True,False
Vocacional_Marka Prime_Tancredo_Sao Paulo - SP_estudo exemplo.pptx,107,MERCADO,LOCALIZAÇÃO DOS EMPREENDIMENTOS – Futuros,ppt/media/image144.jpeg,05200f21d469fe45,446,1280x720,True,False
Vocacional_Marka Prime_Tancredo_Sao Paulo - SP_estudo exemplo.pptx,107,MERCADO,LOCALIZAÇÃO DOS EMPREENDIMENTOS – Futuros,ppt/media/image108.png,1899a920655ed42c,0,1x1,True,False
Vocacional_Marka Prime_Tancredo_Sao Paulo - SP_estudo exemplo.pptx,108,MERCADO,FUTUROS LANÇAMENTOS – Até 15 min,ppt/media/image145.png,3e1975858f8adb5e,12,823x281,True,False
Vocacional_Marka Prime_Tancredo_Sao Paulo - SP_estudo exemplo.pptx,109,MERCADO,ANÁLISE DA CONCORRÊNCIA,ppt/media/image2.png,7b03eb916d161de1,2,206x47,True,False
Vocacional_Marka Prime_Tancredo_Sao Paulo - SP_estudo exemplo.pptx,109,MERCADO,ANÁLISE DA CONCORRÊNCIA,ppt/media/image8.png,1d19746158f47a21,10,465x465,True,False
Vocacional_Marka Prime_Tancredo_Sao Paulo - SP_estudo exemplo.pptx,110,MERCADO,Empreendimentos,ppt/media/image146.png,ad4ae3a060728ee9,159,2093x889,True,False
Vocacional_Marka Prime_Tancredo_Sao Paulo - SP_estudo exemplo.pptx,110,MERCADO,Empreendimentos,ppt/media/image2.png,7b03eb916d161de1,2,206x47,True,False
Vocacional_Marka Prime_Tancredo_Sao Paulo - SP_estudo exemplo.pptx,111,MERCADO,Empreendimentos,ppt/media/image147.png,ead935132c0c212b,92,2093x789,True,False
Vocacional_Marka Prime_Tancredo_Sao Paulo - SP_estudo exemplo.pptx,111,MERCADO,Empreendimentos,ppt/media/image2.png,7b03eb916d161de1,2,206x47,True,False
Vocacional_Marka Prime_Tancredo_Sao Paulo - SP_estudo exemplo.pptx,112,MERCADO,Empreendimentos,ppt/media/image148.png,25328ac623d00687,89,2093x889,True,False
Vocacional_Marka Prime_Tancredo_Sao Paulo - SP_estudo exemplo.pptx,112,MERCADO,Empreendimentos,ppt/media/image2.png,7b03eb916d161de1,2,206x47,True,False
Vocacional_Marka Prime_Tancredo_Sao Paulo - SP_estudo exemplo.pptx,113,MERCADO,OFERTA LANÇADA E FINAL POR ANO DE LANÇAMENTO,ppt/media/image149.png,471716a8a397d766,25,834x338,True,False
Vocacional_Marka Prime_Tancredo_Sao Paulo - SP_estudo exemplo.pptx,114,MERCADO,OFERTA LANÇADA E FINAL POR TIPOLOGIA,ppt/media/image150.png,ed7db31d033b517c,14,685x227,True,False
Vocacional_Marka Prime_Tancredo_Sao Paulo - SP_estudo exemplo.pptx,115,MERCADO,OFERTA LANÇADA E FINAL POR TIPOLOGIA,ppt/media/image151.svg,4253b9c52a09aa14,8,,True,False
Vocacional_Marka Prime_Tancredo_Sao Paulo - SP_estudo exemplo.pptx,116,MERCADO,PREÇO E ÁREA MÉDIA POR TIPOLOGIA,ppt/media/image152.png,6956734072423d46,8,576x217,True,False
Vocacional_Marka Prime_Tancredo_Sao Paulo - SP_estudo exemplo.pptx,117,MERCADO,PREÇO POR M² PRIVATIVO POR TIPOLOGIA,ppt/media/image153.svg,8406328c06ab0e44,7,,True,False
Vocacional_Marka Prime_Tancredo_Sao Paulo - SP_estudo exemplo.pptx,118,MERCADO,"MÍNIMO, MÉDIA E MÁXIMO DO PREÇO E METRAGEM PRIVATIVA POR TIP",ppt/media/image154.png,d2994ddb761ff1f5,17,874x253,True,False
Vocacional_Marka Prime_Tancredo_Sao Paulo - SP_estudo exemplo.pptx,119,,VSO,ppt/media/image155.png,f54ced74484f64b7,102,1251x885,False,False
Vocacional_Marka Prime_Tancredo_Sao Paulo - SP_estudo exemplo.pptx,120,MERCADO,"ANÁLISE POR TIPOLOGIA, TICKET E FAIXA DE METRAGEM",ppt/media/image2.png,7b03eb916d161de1,2,206x47,True,False
Vocacional_Marka Prime_Tancredo_Sao Paulo - SP_estudo exemplo.pptx,120,MERCADO,"ANÁLISE POR TIPOLOGIA, TICKET E FAIXA DE METRAGEM",ppt/media/image8.png,1d19746158f47a21,10,465x465,True,False
Vocacional_Marka Prime_Tancredo_Sao Paulo - SP_estudo exemplo.pptx,121,LACUNAS,TABELA DE LACUNAS - TIPOLOGIA POR M² - Z.I. TOTAL,ppt/media/image156.png,9ec5784a30c60dac,43,1326x430,True,True
Vocacional_Marka Prime_Tancredo_Sao Paulo - SP_estudo exemplo.pptx,122,LACUNAS,TABELA DE LACUNAS- TIPOLOGIA POR R$/M² – Z.I. TOTAL,ppt/media/image2.png,7b03eb916d161de1,2,206x47,True,True
Vocacional_Marka Prime_Tancredo_Sao Paulo - SP_estudo exemplo.pptx,122,LACUNAS,TABELA DE LACUNAS- TIPOLOGIA POR R$/M² – Z.I. TOTAL,ppt/media/image157.png,f0b92ece792d60af,37,1179x430,True,True
Vocacional_Marka Prime_Tancredo_Sao Paulo - SP_estudo exemplo.pptx,123,LACUNAS,TABELA DE LACUNAS – R$/m² POR M² - Z.I. TOTAL,ppt/media/image158.png,f6ca32f1514cf9bb,58,1472x586,True,True
Vocacional_Marka Prime_Tancredo_Sao Paulo - SP_estudo exemplo.pptx,125,MERCADO,ANÁLISE DA CONCORRÊNCIA,ppt/media/image2.png,7b03eb916d161de1,2,206x47,True,False
Vocacional_Marka Prime_Tancredo_Sao Paulo - SP_estudo exemplo.pptx,125,MERCADO,ANÁLISE DA CONCORRÊNCIA,ppt/media/image8.png,1d19746158f47a21,10,465x465,True,False
Vocacional_Marka Prime_Tancredo_Sao Paulo - SP_estudo exemplo.pptx,126,MERCADO,Empreendimentos,ppt/media/image159.png,28655d41faf4833d,129,2093x850,True,False
Vocacional_Marka Prime_Tancredo_Sao Paulo - SP_estudo exemplo.pptx,126,MERCADO,Empreendimentos,ppt/media/image2.png,7b03eb916d161de1,2,206x47,True,False
Vocacional_Marka Prime_Tancredo_Sao Paulo - SP_estudo exemplo.pptx,127,MERCADO,Empreendimentos,ppt/media/image160.png,7e0d7abf2f080128,101,2093x1030,True,False
Vocacional_Marka Prime_Tancredo_Sao Paulo - SP_estudo exemplo.pptx,127,MERCADO,Empreendimentos,ppt/media/image2.png,7b03eb916d161de1,2,206x47,True,False
Vocacional_Marka Prime_Tancredo_Sao Paulo - SP_estudo exemplo.pptx,128,MERCADO,OFERTA LANÇADA E FINAL POR ANO DE LANÇAMENTO,ppt/media/image161.png,6499039ab85f1d0e,27,834x338,True,False
Vocacional_Marka Prime_Tancredo_Sao Paulo - SP_estudo exemplo.pptx,129,MERCADO,OFERTA LANÇADA E FINAL POR TIPOLOGIA,ppt/media/image162.png,a8f27f249c8e9c9e,14,685x227,True,False
Vocacional_Marka Prime_Tancredo_Sao Paulo - SP_estudo exemplo.pptx,130,MERCADO,OFERTA LANÇADA E FINAL POR TIPOLOGIA,ppt/media/image163.svg,8cd72ef0640d8a7d,7,,True,False
Vocacional_Marka Prime_Tancredo_Sao Paulo - SP_estudo exemplo.pptx,131,MERCADO,PREÇO E ÁREA MÉDIA POR TIPOLOGIA,ppt/media/image164.png,2c847faac1eda0ff,7,576x217,True,False
Vocacional_Marka Prime_Tancredo_Sao Paulo - SP_estudo exemplo.pptx,132,MERCADO,PREÇO POR M² PRIVATIVO POR TIPOLOGIA,ppt/media/image165.svg,b31982f9e5d4ac9f,6,,True,False
Vocacional_Marka Prime_Tancredo_Sao Paulo - SP_estudo exemplo.pptx,133,MERCADO,"MÍNIMO, MÉDIA E MÁXIMO DO PREÇO E METRAGEM PRIVATIVA POR TIP",ppt/media/image166.png,2c26b35b8b8b249b,14,874x253,True,False
Vocacional_Marka Prime_Tancredo_Sao Paulo - SP_estudo exemplo.pptx,134,,VSO,ppt/media/image167.png,60c95902a83e6454,67,1305x577,False,False
Vocacional_Marka Prime_Tancredo_Sao Paulo - SP_estudo exemplo.pptx,135,MERCADO,"ANÁLISE POR TIPOLOGIA, TICKET E FAIXA DE METRAGEM",ppt/media/image2.png,7b03eb916d161de1,2,206x47,True,False
Vocacional_Marka Prime_Tancredo_Sao Paulo - SP_estudo exemplo.pptx,135,MERCADO,"ANÁLISE POR TIPOLOGIA, TICKET E FAIXA DE METRAGEM",ppt/media/image8.png,1d19746158f47a21,10,465x465,True,False
Vocacional_Marka Prime_Tancredo_Sao Paulo - SP_estudo exemplo.pptx,136,LACUNAS,TABELA DE LACUNAS - TIPOLOGIA POR M² - Z.I. TOTAL,ppt/media/image168.png,1c88ee99b6ac946a,38,1326x430,True,True
Vocacional_Marka Prime_Tancredo_Sao Paulo - SP_estudo exemplo.pptx,137,LACUNAS,TABELA DE LACUNAS- TIPOLOGIA POR R$/M² – Z.I. TOTAL,ppt/media/image2.png,7b03eb916d161de1,2,206x47,True,True
Vocacional_Marka Prime_Tancredo_Sao Paulo - SP_estudo exemplo.pptx,137,LACUNAS,TABELA DE LACUNAS- TIPOLOGIA POR R$/M² – Z.I. TOTAL,ppt/media/image169.png,ae47060672536863,39,1530x430,True,True
Vocacional_Marka Prime_Tancredo_Sao Paulo - SP_estudo exemplo.pptx,138,LACUNAS,TABELA DE LACUNAS – R$/m² POR M² - Z.I. TOTAL,ppt/media/image170.png,e5352ca08a4b2c75,69,1472x820,True,True
Vocacional_Marka Prime_Tancredo_Sao Paulo - SP_estudo exemplo.pptx,139,MERCADO,ANÁLISE DA CONCORRÊNCIA,ppt/media/image2.png,7b03eb916d161de1,2,206x47,True,False
Vocacional_Marka Prime_Tancredo_Sao Paulo - SP_estudo exemplo.pptx,139,MERCADO,ANÁLISE DA CONCORRÊNCIA,ppt/media/image8.png,1d19746158f47a21,10,465x465,True,False
Vocacional_Marka Prime_Tancredo_Sao Paulo - SP_estudo exemplo.pptx,140,MERCADO,Empreendimentos,ppt/media/image171.png,e18a0a44c4ee011d,160,2093x908,True,False
Vocacional_Marka Prime_Tancredo_Sao Paulo - SP_estudo exemplo.pptx,140,MERCADO,Empreendimentos,ppt/media/image2.png,7b03eb916d161de1,2,206x47,True,False
Vocacional_Marka Prime_Tancredo_Sao Paulo - SP_estudo exemplo.pptx,141,MERCADO,OFERTA LANÇADA E FINAL POR ANO DE LANÇAMENTO,ppt/media/image172.png,8e7324542f66a615,29,834x338,True,False
Vocacional_Marka Prime_Tancredo_Sao Paulo - SP_estudo exemplo.pptx,142,MERCADO,OFERTA LANÇADA E FINAL POR TIPOLOGIA,ppt/media/image173.png,29180d94b6293a5d,16,685x227,True,False
Vocacional_Marka Prime_Tancredo_Sao Paulo - SP_estudo exemplo.pptx,143,MERCADO,OFERTA LANÇADA E FINAL POR TIPOLOGIA,ppt/media/image174.svg,eac262c357ecccf1,8,,True,False
Vocacional_Marka Prime_Tancredo_Sao Paulo - SP_estudo exemplo.pptx,144,MERCADO,PREÇO E ÁREA MÉDIA POR TIPOLOGIA,ppt/media/image175.png,d5771534ac2da435,9,576x219,True,False
Vocacional_Marka Prime_Tancredo_Sao Paulo - SP_estudo exemplo.pptx,145,MERCADO,PREÇO POR M² PRIVATIVO POR TIPOLOGIA,ppt/media/image176.svg,b3ac4e73c43c4cf5,9,,True,False
Vocacional_Marka Prime_Tancredo_Sao Paulo - SP_estudo exemplo.pptx,146,MERCADO,"MÍNIMO, MÉDIA E MÁXIMO DO PREÇO E METRAGEM PRIVATIVA POR TIP",ppt/media/image177.png,c73ce044c44c5434,18,874x253,True,False
Vocacional_Marka Prime_Tancredo_Sao Paulo - SP_estudo exemplo.pptx,147,,VSO,ppt/media/image178.png,9f346070ad0b8dac,52,1177x445,False,False
Vocacional_Marka Prime_Tancredo_Sao Paulo - SP_estudo exemplo.pptx,148,MERCADO,"ANÁLISE POR TIPOLOGIA, TICKET E FAIXA DE METRAGEM",ppt/media/image2.png,7b03eb916d161de1,2,206x47,True,False
Vocacional_Marka Prime_Tancredo_Sao Paulo - SP_estudo exemplo.pptx,148,MERCADO,"ANÁLISE POR TIPOLOGIA, TICKET E FAIXA DE METRAGEM",ppt/media/image8.png,1d19746158f47a21,10,465x465,True,False
Vocacional_Marka Prime_Tancredo_Sao Paulo - SP_estudo exemplo.pptx,149,LACUNAS,TABELA DE LACUNAS - TIPOLOGIA POR M² - Z.I. TOTAL,ppt/media/image179.png,74de29cbb8163d86,39,1326x430,True,True
Vocacional_Marka Prime_Tancredo_Sao Paulo - SP_estudo exemplo.pptx,150,LACUNAS,TABELA DE LACUNAS- TIPOLOGIA POR R$/M² – Z.I. TOTAL,ppt/media/image2.png,7b03eb916d161de1,2,206x47,True,True
Vocacional_Marka Prime_Tancredo_Sao Paulo - SP_estudo exemplo.pptx,150,LACUNAS,TABELA DE LACUNAS- TIPOLOGIA POR R$/M² – Z.I. TOTAL,ppt/media/image180.png,8052b7c278e0665f,43,1530x430,True,True
Vocacional_Marka Prime_Tancredo_Sao Paulo - SP_estudo exemplo.pptx,151,LACUNAS,TABELA DE LACUNAS – R$/m² POR M² - Z.I. TOTAL,ppt/media/image181.png,6482952991734ec6,69,1472x820,True,True
Vocacional_Marka Prime_Tancredo_Sao Paulo - SP_estudo exemplo.pptx,153,,AVALIAÇÃO DA CONSULTORIA,ppt/media/image40.png,be95bfe845024511,1190,1920x1080,False,False
Vocacional_Marka Prime_Tancredo_Sao Paulo - SP_estudo exemplo.pptx,153,,AVALIAÇÃO DA CONSULTORIA,ppt/media/image41.svg,47f89d8aa282142b,0,,False,False
Vocacional_Marka Prime_Tancredo_Sao Paulo - SP_estudo exemplo.pptx,154,MERCADO,Destaques do estudo de mercado,ppt/media/image2.png,7b03eb916d161de1,2,206x47,True,False
Vocacional_Marka Prime_Tancredo_Sao Paulo - SP_estudo exemplo.pptx,154,MERCADO,Destaques do estudo de mercado,ppt/media/image8.png,1d19746158f47a21,10,465x465,True,False
Vocacional_Marka Prime_Tancredo_Sao Paulo - SP_estudo exemplo.pptx,155,CONCLUSAO,Recomendações,ppt/media/image2.png,7b03eb916d161de1,2,206x47,False,False
Vocacional_Marka Prime_Tancredo_Sao Paulo - SP_estudo exemplo.pptx,155,CONCLUSAO,Recomendações,ppt/media/image8.png,1d19746158f47a21,10,465x465,False,False
Vocacional_Marka Prime_Tancredo_Sao Paulo - SP_estudo exemplo.pptx,156,,CONSULTORES DO ESTUDO,ppt/media/image40.png,be95bfe845024511,1190,1920x1080,False,False
Vocacional_Marka Prime_Tancredo_Sao Paulo - SP_estudo exemplo.pptx,156,,CONSULTORES DO ESTUDO,ppt/media/image41.svg,47f89d8aa282142b,0,,False,False
Vocacional_Marka Prime_Tancredo_Sao Paulo - SP_estudo exemplo.pptx,157,,Teresa Cristina,ppt/media/image188.png,147f4c25cf5c14cf,53,211x267,False,False
Vocacional_Marka Prime_Tancredo_Sao Paulo - SP_estudo exemplo.pptx,157,,Teresa Cristina,ppt/media/image183.png,d2379cdda8690042,286,432x432,False,False
Vocacional_Marka Prime_Tancredo_Sao Paulo - SP_estudo exemplo.pptx,157,,Teresa Cristina,ppt/media/image187.png,06ffb5f9556c0a2f,48,216x271,False,False
Vocacional_Marka Prime_Tancredo_Sao Paulo - SP_estudo exemplo.pptx,157,,Teresa Cristina,ppt/media/image182.png,24519bbe69b65910,33,1920x1080,False,False
Vocacional_Marka Prime_Tancredo_Sao Paulo - SP_estudo exemplo.pptx,157,,Teresa Cristina,ppt/media/image186.png,80191bffa75807b0,44,196x235,False,False
Vocacional_Marka Prime_Tancredo_Sao Paulo - SP_estudo exemplo.pptx,157,,Teresa Cristina,ppt/media/image185.png,6c72f1a173e7b245,324,432x432,False,False
Vocacional_Marka Prime_Tancredo_Sao Paulo - SP_estudo exemplo.pptx,157,,Teresa Cristina,ppt/media/image184.png,d449653a2201fec6,337,432x432,False,False
Vocacional_Marka Prime_Tancredo_Sao Paulo - SP_estudo exemplo.pptx,158,,(sem título),ppt/media/image189.jpg,822a88c3f3add604,172,1920x1080,False,False
Vocacional_Marka Prime_Tancredo_Sao Paulo - SP_estudo exemplo.pptx,159,,APÊNDICES,ppt/media/image40.png,be95bfe845024511,1190,1920x1080,False,False
Vocacional_Marka Prime_Tancredo_Sao Paulo - SP_estudo exemplo.pptx,159,,APÊNDICES,ppt/media/image41.svg,47f89d8aa282142b,0,,False,False
Vocacional_Marka Prime_Tancredo_Sao Paulo - SP_estudo exemplo.pptx,161,IDENTIFICACAO,ANÁLISE GEORREFERENCIADA DA ZONA DE INFLUÊNCIA,ppt/media/image2.png,7b03eb916d161de1,2,206x47,False,False
Vocacional_Marka Prime_Tancredo_Sao Paulo - SP_estudo exemplo.pptx,162,IDENTIFICACAO,IDENTIFICAÇÃO DO POTENCIAL LATENTE,ppt/media/image2.png,7b03eb916d161de1,2,206x47,False,False
Vocacional_Marka Prime_Tancredo_Sao Paulo - SP_estudo exemplo.pptx,163,,(sem título),ppt/media/image190.png,fea1720345cce8b9,1087,2500x1406,False,False
Vocacional_Marka Prime_Tancredo_Sao Paulo - SP_estudo exemplo.pptx,164,,(sem título),ppt/media/image191.png,1002e781dcdbdf31,1426,1920x1080,False,False
Vocacional_Marka Prime_Tancredo_Sao Paulo - SP_estudo exemplo.pptx,165,,(sem título),ppt/media/image192.png,47831e9d782954b2,352,2500x1406,False,False
